Оценка выполненной работы руководителем,Факт выполнения плана (%),Число продаж страхований авто,Число продаж страхований имущества,Число дней больничного,Число дней отпуска,Премия
8.3,73,42,15,20,28,35000.0
6.3,95,49,15,20,13,59600.0
4.0,89,50,2,6,4,71700.0
4.0,100,45,12,17,5,62000.0
3.0,84,40,10,6,18,56200.0
6.5,79,40,26,6,2,101700.0
2.6,31,45,9,19,26,10000.0
1.7,23,5,5,10,11,10000.0
7.6,4,47,3,3,20,41900.0
2.3,47,36,1,4,17,31200.0
5.4,86,20,18,13,25,32600.0
2.1,27,28,13,20,2,17800.0
2.3,37,2,26,2,22,30700.0
6.6,45,17,8,14,13,14700.0
6.3,83,47,16,7,16,78500.0
5.7,79,4,26,18,17,25100.0
9.0,66,7,21,0,25,51300.0
4.2,76,24,25,10,14,58700.0
2.9,70,7,12,12,20,10000.0
4.8,23,25,6,12,18,10000.0
3.4,40,39,11,20,3,31300.0
2.2,85,12,30,7,17,55900.0
6.9,31,43,24,11,22,58100.0
8.2,28,41,6,10,18,36800.0
8.2,25,1,15,2,11,32400.0
8.5,8,15,18,5,26,25400.0
9.8,36,44,0,19,17,19400.0
2.5,43,5,22,19,20,10000.0
1.9,73,46,7,6,28,42200.0
6.8,28,46,8,7,22,44000.0
6.4,50,15,25,4,24,48300.0
6.1,57,11,18,0,3,64300.0
4.3,42,15,9,2,23,22700.0
8.9,56,43,0,13,12,39600.0
2.9,72,40,24,11,21,60400.0
2.2,80,4,18,13,1,32400.0
7.5,16,37,18,14,14,41800.0
9.7,87,0,21,14,20,29000.0
5.2,50,39,29,3,7,94900.0
8.8,90,18,14,12,23,36600.0
4.3,49,16,10,13,1,27300.0
5.3,47,21,29,15,10,49200.0
8.9,0,48,12,6,25,46800.0
8.7,56,2,10,19,14,10000.0
1.8,78,1,2,2,17,10000.0
8.2,97,27,25,6,11,87000.0
8.0,97,40,3,19,17,34600.0
5.3,91,27,29,19,17,53400.0
1.1,47,23,14,14,16,16300.0
5.7,99,42,21,7,18,82600.0
5.6,4,33,27,5,16,59900.0
1.5,6,43,2,2,4,42800.0
2.7,1,38,2,4,10,28700.0
5.6,97,25,23,6,18,69800.0
1.4,45,28,29,0,8,79800.0
5.2,65,3,12,13,18,10000.0
6.0,21,40,3,6,20,30800.0
1.3,71,6,13,6,9,28400.0
9.8,4,31,2,20,28,10000.0
1.1,32,16,24,11,20,21800.0
7.4,23,27,28,15,18,42700.0
7.5,15,37,18,10,13,50500.0
3.5,63,18,26,11,15,45900.0
2.1,77,2,4,11,12,10000.0
2.8,36,3,3,14,9,10000.0
1.1,29,6,14,20,2,10000.0
4.7,49,24,19,16,3,41600.0
9.1,84,2,1,8,24,10000.0
1.1,30,45,0,0,18,38200.0
8.1,42,12,1,17,5,10000.0
8.2,25,15,23,16,26,15400.0
8.7,58,5,18,16,7,27800.0
7.4,77,43,27,17,9,78400.0
6.5,3,23,14,7,16,27900.0
6.4,54,29,1,10,16,23500.0
1.9,46,46,30,15,20,58600.0
8.7,20,12,23,1,20,47900.0
1.4,8,7,22,19,9,10000.0
1.2,87,21,5,2,12,41000.0
3.7,93,17,30,12,17,56300.0
9.3,50,24,13,13,14,37100.0
4.8,43,6,5,15,27,10000.0
3.6,100,23,29,17,16,53700.0
2.3,35,32,0,9,22,10000.0
1.9,88,42,9,5,26,49700.0
6.0,68,13,12,18,14,13400.0
3.3,53,25,13,17,11,22000.0
8.2,59,14,16,5,2,60100.0
5.9,27,27,17,18,0,36400.0
7.9,26,32,24,6,20,59600.0
5.1,44,50,4,4,4,67400.0
9.9,63,6,28,12,27,35700.0
1.1,84,30,28,16,11,56400.0
7.0,51,37,27,14,23,55800.0
5.2,46,4,6,0,19,18200.0
5.2,95,6,22,7,24,39900.0
5.3,58,19,4,13,24,10000.0
3.2,8,46,2,18,14,10000.0
4.0,51,24,17,14,24,20800.0
9.2,31,36,19,5,12,70200.0
2.7,13,11,1,16,17,10000.0
8.3,82,37,16,18,13,53200.0
5.7,43,31,29,13,9,63800.0
1.4,42,21,0,6,16,10000.0
3.7,91,38,30,4,1,108700.0
2.5,93,29,2,5,18,36900.0
9.1,14,15,6,10,15,11400.0
9.8,23,47,7,10,11,53000.0
5.5,45,46,20,3,20,74500.0
6.5,74,15,22,16,11,40200.0
4.9,0,19,5,20,25,10000.0
2.4,99,38,30,5,21,86500.0
1.1,67,40,1,7,10,39800.0
3.7,58,36,20,20,0,50800.0
3.5,13,0,29,18,18,10000.0
8.4,77,26,22,12,18,56900.0
9.1,71,36,16,17,21,44500.0
5.6,0,21,4,19,1,10000.0
9.7,76,16,24,15,7,57200.0
5.3,34,12,27,19,8,27300.0
5.4,48,9,18,16,16,13200.0
8.5,87,1,16,0,19,49100.0
9.7,11,32,10,18,4,29700.0
6.2,60,20,4,20,18,10000.0
2.6,15,16,0,10,21,10000.0
3.2,27,15,4,12,20,10000.0
3.8,47,36,28,6,26,61700.0
7.2,90,34,2,0,25,53400.0
1.5,61,39,2,19,20,10000.0
8.0,45,7,8,4,19,21500.0
7.7,56,4,26,18,13,26200.0
7.9,63,8,17,9,22,28200.0
4.6,77,12,19,18,11,25800.0
9.6,84,41,20,10,21,74400.0
1.9,97,44,14,19,22,37900.0
8.8,11,46,22,18,26,37900.0
9.7,55,33,2,3,0,65900.0
9.3,30,27,13,20,6,28100.0
6.5,48,2,7,18,6,10000.0
3.9,34,12,29,8,19,38500.0
7.5,73,27,30,16,4,72900.0
1.5,60,41,2,9,17,30000.0
2.7,80,25,2,16,6,19400.0
2.5,70,21,24,7,9,60000.0
3.4,40,28,9,0,12,48300.0
8.4,58,39,4,2,4,71200.0
8.1,34,50,2,3,5,68400.0
9.0,81,27,17,7,16,64800.0
4.5,65,10,8,6,20,18500.0
7.9,83,1,28,9,7,58700.0
3.9,46,18,23,5,0,64100.0
5.8,63,0,7,10,26,10000.0
6.4,0,9,18,17,25,10000.0
1.2,43,48,13,15,17,35800.0
2.5,9,3,1,12,14,10000.0
1.4,99,22,30,1,21,76500.0
1.3,15,42,18,10,28,28100.0
8.4,47,12,17,4,20,40400.0
4.6,78,8,17,20,10,16100.0
2.6,91,42,5,6,4,66000.0
3.8,76,8,1,2,6,29900.0
3.1,90,47,11,14,23,45700.0
2.7,44,44,30,7,0,93600.0
9.5,94,18,10,11,4,54200.0
4.4,2,34,19,12,19,28900.0
8.4,50,49,0,12,18,38800.0
8.4,24,18,2,1,14,29000.0
9.2,65,20,0,7,5,38900.0
6.8,72,3,15,20,7,13700.0
2.5,94,27,19,17,20,34700.0
1.5,45,27,10,16,14,12500.0
4.3,74,22,5,19,24,10000.0
4.7,13,46,17,7,11,59800.0
9.0,22,41,12,2,19,60600.0
2.7,92,20,18,8,7,57000.0
1.8,31,14,8,1,21,15900.0
6.7,0,1,27,15,10,14900.0
7.0,81,40,13,10,24,53800.0
10.0,70,49,19,2,4,110500.0
2.8,30,33,25,4,12,65100.0
2.2,24,16,21,8,0,43100.0
2.4,95,41,28,20,3,73300.0
6.7,61,36,22,19,15,47700.0
1.4,71,37,3,12,15,26600.0
9.8,91,36,12,17,14,52900.0
4.0,49,3,3,9,13,10000.0
1.5,87,41,30,0,22,93100.0
2.5,11,37,14,11,2,42300.0
8.2,24,26,20,13,10,43600.0
3.5,99,16,21,12,27,33200.0
3.9,54,19,22,3,22,48000.0
1.9,10,34,25,3,9,63300.0
9.4,26,4,13,17,3,13100.0
7.3,36,26,7,2,6,51900.0
1.0,5,42,29,13,28,35000.0
6.8,33,17,4,6,22,12500.0
3.9,78,9,21,13,15,30700.0
6.1,64,37,5,8,18,41900.0
3.0,61,29,12,3,21,44300.0
2.1,93,40,5,10,10,49600.0
8.7,67,10,27,9,6,64000.0
8.6,85,4,6,6,1,42700.0
5.4,80,34,16,20,1,51800.0
9.6,32,46,27,5,12,93300.0
7.7,9,19,1,15,2,10000.0
3.0,92,8,18,3,24,38600.0
4.5,5,31,29,4,12,65000.0
3.4,46,44,22,20,2,55600.0
6.9,79,23,12,6,26,40500.0
7.3,31,14,30,8,6,60900.0
4.0,59,45,18,13,25,46700.0
1.4,40,20,3,12,2,13300.0
8.1,64,24,27,1,14,83900.0
4.1,57,41,12,9,24,42300.0
6.1,82,11,11,1,9,53300.0
9.7,68,30,13,14,11,50300.0
4.3,9,30,19,13,19,24800.0
9.3,13,32,17,2,21,55000.0
8.8,11,7,7,4,9,21400.0
1.1,62,6,10,12,20,10000.0
5.8,26,34,25,9,25,47900.0
5.0,64,0,27,11,22,25700.0
9.7,2,27,20,17,25,18000.0
1.9,51,15,15,1,19,35600.0
8.0,15,47,3,3,24,42000.0
9.0,0,44,15,7,20,50500.0
7.6,96,7,12,9,6,45000.0
7.9,4,41,21,7,22,53500.0
4.3,14,10,27,18,8,19300.0
6.6,80,22,10,9,2,54200.0
9.0,51,19,8,3,3,55300.0
4.2,15,36,30,12,16,53900.0
4.9,10,9,17,3,9,32300.0
2.9,71,2,13,8,7,25600.0
7.1,57,24,14,7,15,47300.0
4.9,99,17,7,13,22,19000.0
1.7,28,9,4,9,0,10000.0
4.2,97,42,5,7,23,50000.0
4.0,100,28,17,4,26,57500.0
9.0,13,42,10,5,20,48900.0
7.4,74,30,26,17,20,52000.0
8.3,7,48,10,18,26,19700.0
8.3,51,40,25,16,24,53400.0
9.1,68,6,9,20,10,10000.0
7.9,49,4,11,11,17,12000.0
6.6,63,33,4,1,25,44100.0
3.0,96,20,23,18,4,49300.0
3.0,24,22,21,12,18,24700.0
5.3,98,45,4,19,16,37000.0
6.6,16,36,23,12,10,54500.0
9.3,60,44,6,7,21,54600.0
5.4,63,46,15,12,11,63200.0
7.4,17,48,10,13,18,38900.0
8.5,14,45,14,14,27,32200.0
4.5,39,38,17,4,5,71200.0
1.3,54,37,29,12,17,58300.0
2.6,99,25,1,17,14,13400.0
9.9,85,27,22,18,14,55300.0
8.1,14,18,13,7,9,34900.0
4.2,32,34,20,11,10,50000.0
6.0,31,43,25,17,7,60800.0
2.0,7,16,3,5,28,10000.0
5.2,22,1,4,14,16,10000.0
3.7,48,20,14,6,27,23800.0
4.7,98,19,15,10,16,44300.0
2.7,48,9,28,19,25,10000.0
9.6,19,14,29,10,21,41400.0
1.1,5,14,0,20,23,10000.0
9.9,25,39,23,8,21,63800.0
5.2,95,19,2,16,22,10000.0
4.8,13,19,15,15,0,25000.0
8.2,64,16,22,13,2,56600.0
6.4,12,40,10,1,15,54400.0
2.5,26,22,4,3,13,21800.0
5.5,98,48,16,14,11,73400.0
7.2,51,0,11,1,24,20200.0
6.7,10,15,16,8,4,35400.0
1.9,20,13,21,17,15,10000.0
4.4,3,6,0,9,28,10000.0
3.4,16,26,14,16,3,23600.0
8.2,28,8,0,8,21,10000.0
7.6,32,38,18,7,28,47800.0
5.5,61,6,11,8,13,22800.0
8.0,78,12,6,3,26,28400.0
6.8,26,31,5,10,20,19900.0
9.2,61,50,26,10,0,105700.0
4.3,49,25,19,0,20,56800.0
1.1,61,9,7,16,28,10000.0
7.1,90,36,4,17,18,31200.0
9.1,31,36,0,7,14,35500.0
5.7,16,27,14,1,0,62200.0
3.8,22,26,18,20,20,10000.0
3.4,63,20,17,16,9,30200.0
4.2,49,37,12,6,7,59100.0
4.2,71,48,30,19,7,77700.0
3.2,65,8,22,17,9,23900.0
9.7,89,28,27,17,28,52600.0
2.6,55,18,14,8,5,39700.0
3.0,56,27,9,16,28,10000.0
7.1,30,10,6,19,9,10000.0
7.3,6,25,30,12,1,61400.0
3.1,79,1,5,9,5,15400.0
9.4,64,37,27,5,22,83500.0
9.1,56,2,7,16,13,10000.0
9.5,69,12,0,7,16,21700.0
4.8,46,37,16,6,23,49400.0
3.4,8,26,28,2,1,72200.0
4.3,20,6,8,20,13,10000.0
5.5,63,43,14,8,15,62900.0
7.9,68,16,12,13,26,18200.0
5.2,11,14,23,2,2,56200.0
5.4,97,6,12,10,16,27900.0
3.1,66,13,16,13,10,27000.0
1.0,8,12,2,2,28,10000.0
6.1,23,15,16,13,28,10000.0
6.5,27,8,25,5,3,53600.0
6.1,28,2,30,4,15,44600.0
9.9,91,27,0,14,13,33100.0
6.1,43,19,25,15,23,28600.0
9.2,34,21,25,18,10,41100.0
1.1,71,37,29,7,18,72000.0
1.7,34,21,22,7,18,35600.0
7.3,94,22,5,4,28,36300.0
9.5,61,7,18,17,21,16300.0
2.2,67,44,18,6,20,63500.0
8.6,59,40,22,0,2,105900.0
5.4,48,20,2,11,3,23200.0
4.3,78,35,8,9,7,54000.0
4.5,68,44,23,11,21,64900.0
6.0,83,50,24,12,21,77900.0
1.1,10,17,17,18,17,10000.0
1.8,60,19,7,11,8,21100.0
2.4,58,49,24,7,13,80200.0
8.3,75,28,26,18,1,69100.0
3.3,79,22,14,12,18,31300.0
9.4,45,28,7,18,11,23800.0
8.3,73,21,26,1,13,83500.0
3.7,86,4,20,17,7,26200.0
7.7,51,40,25,11,10,76200.0
9.5,77,46,0,19,2,48100.0
9.8,42,42,25,0,28,83700.0
9.3,58,48,6,1,9,82000.0
5.6,46,41,26,8,13,76000.0
3.1,15,24,0,20,26,10000.0
4.8,84,2,17,14,23,11300.0
2.6,36,7,19,7,1,36500.0
3.9,29,8,8,1,6,28500.0
4.2,7,18,4,15,22,10000.0
5.8,92,5,14,5,20,35200.0
6.8,93,22,3,12,28,16000.0
2.5,76,17,21,17,27,15300.0
9.6,56,11,17,9,6,48500.0
3.7,38,46,4,16,4,34800.0
3.8,53,37,12,5,24,44500.0
7.8,49,29,28,13,13,62300.0
1.2,46,13,3,17,3,10000.0
7.5,45,30,2,11,6,33500.0
5.8,63,27,8,6,19,38500.0
8.2,21,39,15,13,22,36200.0
3.4,34,46,2,19,14,14000.0
3.5,76,11,26,10,2,57800.0
9.6,79,29,2,20,5,29900.0
3.0,4,6,5,19,18,10000.0
2.7,82,5,19,3,22,35500.0
6.5,62,40,10,4,14,64600.0
6.2,4,15,17,16,0,22100.0
3.2,39,33,8,8,9,38100.0
5.3,10,38,7,11,7,33100.0
3.0,79,48,18,2,5,95700.0
5.5,0,43,24,1,24,64000.0
4.9,41,16,16,13,15,21100.0
6.9,17,26,25,19,20,24400.0
2.7,16,4,29,15,13,14700.0
7.7,100,22,0,14,16,23400.0
2.9,34,45,13,1,10,68500.0
8.7,60,9,8,0,20,36400.0
7.0,27,17,11,1,26,27600.0
4.6,89,7,5,4,13,29400.0
5.3,62,43,13,5,5,76700.0
5.0,86,14,0,19,21,10000.0
7.8,8,10,9,5,19,12500.0
9.1,22,17,8,17,9,10800.0
5.7,14,6,9,3,15,14100.0
6.1,92,47,12,3,24,74800.0
1.4,54,49,7,7,2,62500.0
4.4,70,42,30,12,18,74800.0
4.9,23,40,4,6,7,43700.0
5.9,3,15,9,2,21,16200.0
9.2,97,9,25,16,14,48000.0
5.4,37,48,6,9,25,35900.0
2.6,80,13,0,0,20,22200.0
9.1,58,6,4,13,9,12600.0
5.5,49,32,0,1,15,40700.0
2.9,71,47,0,18,27,11100.0
5.6,41,34,27,15,14,54000.0
4.4,44,32,25,8,18,57500.0
1.0,82,12,28,0,22,58600.0
1.6,39,9,19,12,20,10000.0
7.0,50,29,24,6,18,64000.0
8.8,2,17,22,17,28,10000.0
6.2,0,36,19,5,21,45900.0
3.4,71,9,25,16,25,17600.0
7.3,82,23,26,7,3,84200.0
4.1,89,22,10,9,12,41900.0
3.2,76,50,6,2,19,65200.0
5.5,88,8,18,19,19,15400.0
1.4,94,36,2,18,1,33000.0
8.0,7,0,0,9,19,10000.0
4.3,45,46,3,3,7,59600.0
3.0,41,44,7,17,20,18800.0
9.9,62,37,7,13,8,51900.0
2.5,90,0,1,4,26,10000.0
8.6,53,5,17,12,1,38600.0
1.4,54,48,25,3,0,98500.0
6.3,83,22,8,10,11,40500.0
9.2,6,42,25,6,19,68700.0
4.8,24,10,7,5,12,15300.0
9.2,52,41,6,0,6,78000.0
8.7,80,28,23,7,25,64900.0
4.1,34,16,25,15,17,24900.0
4.4,97,14,20,2,28,49900.0
7.5,14,23,30,19,7,42200.0
9.7,57,43,21,12,20,67000.0
7.2,47,45,8,18,25,24500.0
2.0,33,6,7,6,7,11400.0
7.4,7,34,12,2,11,53900.0
7.2,1,49,0,12,2,37700.0
4.9,42,37,23,9,6,69900.0
1.7,65,31,5,8,17,28400.0
3.3,12,3,21,16,17,10000.0
7.6,90,6,1,3,24,19700.0
9.4,1,26,14,9,19,29100.0
2.9,79,26,5,20,25,10000.0
1.2,87,47,19,15,27,47000.0
6.3,51,2,3,10,25,10000.0
2.1,37,22,8,2,15,30300.0
8.4,90,4,25,19,17,30300.0
1.4,5,36,27,19,21,21800.0
3.4,82,2,9,17,18,10000.0
9.3,23,33,5,14,28,10000.0
2.6,64,44,6,12,3,50400.0
6.9,79,13,4,19,14,10000.0
5.4,16,3,27,18,10,13100.0
7.3,87,49,28,8,18,97700.0
3.8,52,10,9,10,4,22700.0
4.8,90,5,2,6,5,27600.0
4.5,38,9,16,0,8,45400.0
1.8,97,26,25,3,0,90200.0
2.4,26,36,12,0,1,65600.0
4.4,91,32,25,4,23,74600.0
6.9,4,26,17,6,6,48500.0
1.7,18,30,23,6,7,54300.0
5.7,75,3,19,4,15,42400.0
9.0,2,33,9,8,6,43100.0
1.9,19,18,28,12,21,24500.0
2.8,21,34,1,17,11,10000.0
8.0,96,30,19,15,28,45300.0
3.9,41,20,5,10,22,10000.0
2.3,86,50,1,9,8,55900.0
7.4,52,16,8,0,24,34400.0
1.4,81,20,5,14,17,10000.0
1.3,64,18,26,10,21,37800.0
5.3,37,50,0,16,11,28700.0
6.7,81,4,7,12,10,18200.0
6.3,2,23,17,18,23,10000.0
8.3,18,10,5,5,9,20500.0
4.2,72,44,3,13,8,44500.0
8.3,5,25,0,12,22,10000.0
9.3,36,42,7,18,4,41900.0
5.6,5,8,6,2,3,22700.0
3.3,7,39,9,9,4,39200.0
10.0,43,11,23,7,27,37400.0
3.1,18,45,22,6,23,54600.0
6.5,28,21,11,10,17,21900.0
9.8,30,7,23,14,5,37100.0
3.6,23,48,23,1,8,86600.0
1.6,89,48,13,15,26,41400.0
9.8,5,48,5,17,8,34600.0
4.6,17,43,1,13,16,16800.0
4.1,31,31,9,20,15,10000.0
2.8,12,27,24,17,26,12200.0
5.1,91,13,17,4,6,62000.0
1.1,21,46,21,18,26,24000.0
9.9,75,45,8,9,9,72300.0
6.8,28,22,18,19,25,10000.0
9.7,73,40,10,13,12,58300.0
6.1,13,29,19,12,0,49600.0
6.1,66,33,8,9,26,33000.0
3.6,72,44,28,4,5,101800.0
2.2,2,49,25,3,3,82500.0
8.2,78,1,3,13,20,10000.0
7.9,44,44,13,10,10,62500.0
3.6,48,2,13,5,2,31100.0
9.8,66,30,20,15,14,55400.0
5.2,13,34,26,18,28,23300.0
9.9,50,7,29,1,1,82300.0
4.9,69,7,10,14,17,10000.0
2.3,96,22,12,15,9,34400.0
3.8,68,44,12,16,13,45000.0
8.7,29,36,5,13,11,32600.0
8.0,37,43,24,11,6,78100.0
2.8,79,49,10,10,2,71300.0
5.2,82,37,21,7,7,82500.0
8.0,69,38,28,0,22,94700.0
1.2,20,3,21,8,20,10000.0
1.0,34,44,24,15,2,60200.0
3.2,41,19,8,6,28,10000.0
2.4,33,14,8,20,11,10000.0
7.9,51,42,30,18,23,59100.0
4.5,66,48,21,9,0,90300.0
1.2,53,21,8,14,21,10000.0
6.3,2,20,10,20,15,10000.0
9.1,87,10,22,14,6,53300.0
7.4,47,8,18,11,16,25900.0
9.2,15,15,26,18,6,34900.0
5.8,45,17,5,7,4,31600.0
8.1,16,1,15,14,8,10000.0
5.1,69,2,0,7,14,10000.0
7.7,61,2,13,4,8,39200.0
6.1,79,41,15,13,18,55400.0
9.6,93,40,23,13,0,95600.0
7.5,92,5,24,20,27,16600.0
8.6,99,29,5,18,5,42400.0
1.8,30,37,15,6,9,51100.0
5.1,51,47,22,10,23,62500.0
3.3,18,38,0,17,9,10000.0
2.1,69,16,8,14,25,10000.0
6.3,53,24,10,13,27,14500.0
2.1,91,23,7,4,26,31000.0
7.6,26,28,0,19,28,10000.0
8.5,19,0,18,16,26,10000.0
3.0,24,10,18,8,14,20200.0
5.3,10,9,28,12,28,12600.0
4.9,18,1,12,4,3,23200.0
5.0,14,37,25,3,4,78700.0
4.6,54,2,15,14,4,17900.0
3.9,39,19,6,14,1,18500.0
3.7,75,28,15,5,2,68400.0
3.4,7,10,19,2,15,28400.0
3.6,88,17,14,3,26,39600.0
2.3,53,5,22,6,5,41500.0
5.6,70,20,23,17,25,27700.0
7.4,78,7,21,9,26,32700.0
8.2,68,31,27,8,6,86300.0
2.4,31,7,25,7,3,41600.0
9.7,80,2,9,16,20,10000.0
2.9,9,5,13,3,19,10000.0
8.5,20,34,24,6,11,70000.0
3.0,26,44,6,8,1,49800.0
2.4,71,1,7,12,18,10000.0
4.6,97,17,27,8,14,65800.0
1.1,64,35,30,7,22,65400.0
5.5,93,37,9,17,9,46400.0
1.7,32,26,12,14,21,10000.0
3.3,41,1,8,19,25,10000.0
7.4,7,33,15,8,7,49400.0
7.7,75,28,5,6,6,55400.0
1.6,95,43,29,5,22,86200.0
8.6,87,24,9,10,2,58800.0
7.3,33,19,23,13,25,27000.0
1.0,70,22,1,3,1,39500.0
8.8,79,12,24,15,27,32300.0
7.1,17,8,7,7,27,10000.0
9.7,38,35,29,11,3,84300.0
4.5,9,46,11,8,9,49200.0
8.9,9,31,17,6,9,56000.0
5.2,40,33,30,14,26,46400.0
2.1,40,29,13,13,18,20700.0
6.5,97,18,14,11,5,54100.0
9.5,35,7,12,3,19,29500.0
3.9,40,18,30,6,11,59800.0
9.3,32,7,11,7,7,30700.0
4.0,98,35,12,8,13,61400.0
5.4,52,1,0,4,15,10000.0
6.7,38,34,1,18,5,19300.0
7.0,31,21,8,12,20,12300.0
3.1,91,34,11,1,24,58000.0
7.8,70,3,11,12,7,25100.0
4.0,33,29,17,17,24,14400.0
2.8,48,16,26,8,6,53000.0
9.4,89,27,11,3,21,62000.0
7.3,96,9,6,14,10,23400.0
2.0,69,0,12,15,9,10000.0
2.0,33,14,8,5,3,26900.0
7.9,42,11,0,19,19,10000.0
5.0,21,42,9,13,2,43800.0
1.2,12,48,26,7,27,52000.0
4.2,3,46,18,16,0,50300.0
2.9,50,14,9,3,14,28300.0
1.9,60,45,17,16,7,53300.0
8.0,1,31,23,3,21,54800.0
2.4,49,6,5,10,2,11000.0
7.8,63,23,13,2,28,45000.0
8.9,29,13,14,15,22,10000.0
5.4,78,8,29,16,0,53700.0
2.7,59,3,24,12,26,12100.0
1.9,11,15,26,13,16,19100.0
1.5,87,16,11,6,3,46600.0
4.0,28,27,21,7,14,46900.0
4.6,11,47,25,11,1,74000.0
1.9,11,47,20,14,6,50100.0
6.3,55,44,29,7,28,74600.0
4.7,32,17,1,5,5,22500.0
4.6,26,2,7,7,4,11500.0
7.3,100,2,21,0,5,73100.0
7.1,45,44,20,6,22,67700.0
1.7,96,42,3,6,21,45700.0
5.2,6,46,18,3,1,78200.0
1.8,39,17,17,10,10,27800.0
8.2,47,16,12,2,11,49500.0
5.6,27,2,22,3,8,40300.0
3.0,3,37,14,0,21,43900.0
3.7,33,35,1,6,18,23800.0
4.3,79,12,10,20,16,10000.0
8.7,59,49,2,11,1,64100.0
5.7,13,49,4,1,16,52300.0
1.1,19,27,10,10,20,10000.0
4.6,50,32,12,15,1,43200.0
7.9,14,23,12,15,6,25000.0
3.6,71,1,15,9,23,11000.0
6.7,52,46,22,19,13,57000.0
7.2,75,50,14,13,2,79900.0
2.9,94,5,11,12,26,10000.0
8.2,93,14,30,5,26,67300.0
2.3,99,31,20,19,9,48300.0
7.4,86,35,24,17,2,75600.0
3.8,54,29,4,5,21,27800.0
2.2,10,26,7,6,6,25900.0
5.0,79,6,1,17,1,10000.0
6.9,89,20,6,3,13,50500.0
8.9,1,26,23,4,13,57600.0
8.4,41,20,8,19,13,10100.0
8.4,8,37,21,9,21,48700.0
5.7,35,45,15,15,14,45400.0
5.3,25,31,1,13,4,20600.0
9.6,4,48,17,12,19,50900.0
9.2,72,14,2,18,28,10000.0
6.4,83,4,15,5,20,34200.0
6.1,37,17,10,14,8,19300.0
3.4,67,45,6,9,5,57900.0
7.5,23,20,10,6,2,42900.0
6.5,85,31,1,2,18,49000.0
2.1,84,34,20,6,21,60400.0
3.5,6,10,30,3,26,31800.0
4.5,10,48,11,4,12,56500.0
7.4,75,0,23,17,10,27800.0
9.1,44,24,17,9,5,57900.0
1.7,95,32,6,17,22,16900.0
7.6,87,22,3,13,1,40800.0
4.2,80,4,18,3,22,35400.0
7.7,6,5,11,6,28,10000.0
6.3,16,26,6,18,22,10000.0
8.5,61,33,5,0,11,64800.0
6.7,14,43,3,7,24,27100.0
5.2,48,45,15,1,18,72300.0
3.5,39,7,26,0,25,39700.0
4.1,48,47,19,4,11,79100.0
4.0,92,29,9,8,15,47100.0
5.0,73,39,17,9,5,73400.0
2.0,71,44,11,9,8,59800.0
2.4,40,5,15,16,1,11300.0
7.4,63,2,6,4,13,23700.0
1.3,77,34,6,3,10,52700.0
7.0,91,13,27,18,7,51800.0
3.5,64,37,16,5,16,61200.0
6.1,96,45,10,15,4,67000.0
9.9,27,15,8,11,25,10000.0
7.2,97,2,22,2,9,65500.0
7.1,66,20,3,7,23,21500.0
5.9,81,15,15,18,7,30600.0
8.6,80,22,26,18,11,55200.0
4.9,87,32,3,1,22,48400.0
5.3,71,35,28,13,9,73900.0
8.5,98,37,29,4,23,95900.0
4.5,94,44,24,7,26,77200.0
2.5,72,31,14,5,2,66600.0
3.4,69,40,8,19,11,30500.0
9.2,58,19,21,5,10,66300.0
9.0,78,29,19,15,9,59900.0
5.5,74,32,4,16,27,12200.0
6.6,3,11,8,10,20,10000.0
9.8,31,20,4,20,8,10000.0
8.5,39,5,26,16,16,24700.0
9.2,51,46,27,1,22,96200.0
5.6,26,34,2,1,20,34000.0
8.1,85,17,17,20,1,43200.0
3.5,30,43,19,12,13,50500.0
7.7,19,32,28,16,26,37100.0
4.6,64,14,18,17,17,18400.0
3.9,24,7,23,10,6,30500.0
2.1,32,30,28,14,18,39800.0
5.7,89,48,0,8,25,45100.0
4.8,1,36,13,6,24,29400.0
3.6,96,0,20,13,18,22000.0
8.8,34,8,24,0,7,64800.0
5.3,28,44,14,4,21,55000.0
3.2,80,37,29,8,7,87900.0
1.2,82,32,15,16,27,22500.0
4.2,97,34,2,1,20,52500.0
8.1,1,49,4,14,23,20500.0
2.1,63,13,22,8,6,47100.0
1.7,48,25,30,10,14,53800.0
1.7,65,14,17,10,0,42400.0
2.4,19,27,19,12,17,25000.0
9.4,67,31,7,4,23,49400.0
6.8,82,33,29,7,21,79700.0
8.8,63,50,9,10,20,60000.0
3.4,58,16,9,20,25,10000.0
7.1,92,23,24,12,2,74800.0
9.2,90,40,3,3,0,83900.0
8.0,51,48,16,19,17,48300.0
1.4,42,30,9,10,4,34900.0
9.9,44,26,9,0,3,69500.0
5.0,98,36,15,0,22,75900.0
3.3,99,50,20,10,2,94300.0
3.7,29,25,14,12,26,12100.0
7.4,48,21,15,5,10,52700.0
3.5,95,43,10,14,2,63500.0
4.0,74,6,26,3,11,58200.0
9.6,40,39,14,20,14,37200.0
4.1,99,34,3,19,21,17400.0
7.3,55,3,11,19,17,10000.0
4.4,97,32,10,13,24,34900.0
5.4,70,4,27,5,26,40300.0
8.7,61,17,10,8,19,32700.0
4.8,77,8,18,4,0,59700.0
5.5,21,26,15,0,7,58800.0
4.7,65,8,0,7,11,11900.0
7.0,78,21,14,10,5,54400.0
5.2,29,28,25,11,20,42600.0
4.8,87,34,22,3,27,69700.0
9.6,66,0,28,13,0,55000.0
8.0,48,32,23,10,16,60900.0
8.2,84,45,13,14,11,67100.0
5.8,81,30,7,10,28,28400.0
4.3,51,45,4,7,10,50900.0
6.6,13,35,15,14,10,36600.0
9.0,0,45,8,16,23,20000.0
1.9,97,41,5,4,20,53400.0
3.1,57,46,28,13,15,70300.0
7.5,37,46,1,14,4,41600.0
6.6,86,7,18,12,16,33000.0
3.7,38,3,17,13,13,10000.0
6.9,86,44,10,17,14,50600.0
7.4,24,13,21,4,17,41500.0
1.6,47,33,10,5,17,38300.0
1.4,71,18,17,5,17,40600.0
7.1,73,14,20,18,18,26100.0
6.0,68,6,25,14,6,41900.0
2.4,69,5,12,10,18,10500.0
8.9,36,40,0,0,2,66600.0
3.4,53,15,11,15,15,10000.0
9.5,15,47,18,20,2,55500.0
4.3,34,2,25,12,3,31300.0
9.1,5,30,2,17,18,10000.0
7.5,66,22,11,12,0,49300.0
2.1,58,5,8,3,1,31600.0
1.5,17,36,11,3,15,39600.0
3.5,88,42,23,7,27,68900.0
5.8,21,26,0,19,11,10000.0
6.4,2,27,5,15,28,10000.0
9.2,11,3,19,17,9,10200.0
9.8,85,19,27,14,12,64600.0
3.2,30,10,23,9,3,38900.0
8.1,92,47,13,0,24,86300.0
2.3,75,30,25,5,18,66600.0
4.0,52,40,8,14,3,44600.0
4.6,1,24,24,6,19,38500.0
5.9,33,24,10,6,17,31700.0
4.1,91,16,15,10,4,50000.0
9.9,89,9,6,2,25,35500.0
4.1,16,18,7,10,13,10000.0
3.8,11,10,28,14,28,10000.0
2.3,70,2,1,11,11,10000.0
1.7,25,11,14,7,1,27900.0
3.5,98,20,24,15,9,53400.0
8.5,76,7,14,5,12,45800.0
5.3,90,23,12,20,12,26600.0
7.0,58,5,15,5,27,21900.0
2.8,9,0,26,9,6,23300.0
1.5,67,24,1,15,1,17600.0
1.4,18,1,26,18,3,10000.0
3.1,65,20,15,9,20,30200.0
2.9,26,30,6,20,6,10000.0
4.3,41,33,21,10,22,43400.0
8.3,88,26,19,0,0,97500.0
7.1,7,7,18,1,15,33300.0
4.1,75,46,20,14,4,74700.0
3.7,77,37,10,3,12,64500.0
7.9,30,3,8,0,15,24800.0
8.4,28,43,29,4,7,96700.0
9.1,34,16,28,13,13,47400.0
7.9,96,17,13,2,25,52100.0
8.1,12,10,4,19,2,10000.0
1.4,27,2,0,8,4,10000.0
2.8,8,3,20,4,16,17000.0
4.9,86,14,26,1,12,74600.0
9.5,70,47,30,18,17,79000.0
9.4,59,29,0,3,15,44500.0
7.3,36,22,0,17,11,10000.0
9.4,11,44,12,9,23,43100.0
3.4,95,2,28,3,17,56300.0
6.4,35,21,29,6,28,47800.0
9.1,71,25,21,20,5,51000.0
3.2,0,49,13,2,24,46900.0
4.2,40,46,10,18,2,43400.0
4.0,49,40,27,1,20,81200.0
3.1,83,0,17,20,11,10000.0
6.6,3,9,2,4,11,10000.0
4.9,42,21,20,14,20,25400.0
8.8,54,28,2,4,10,46800.0
4.1,79,14,29,13,16,47400.0
7.3,82,25,6,9,3,52200.0
1.6,12,10,5,9,22,10000.0
1.8,82,19,26,7,21,51200.0
2.0,87,32,15,3,19,59600.0
1.4,90,12,30,12,2,60800.0
5.7,42,9,5,9,18,10000.0
8.3,13,11,16,10,19,16500.0
1.5,6,7,4,8,20,10000.0
3.6,77,20,11,14,1,37800.0
7.7,80,30,25,4,15,83900.0
7.8,90,34,11,9,12,63100.0
5.8,39,39,0,9,25,19300.0
3.3,80,35,4,13,20,25600.0
7.1,85,49,16,20,16,56700.0
6.7,72,45,27,9,6,96500.0
9.9,3,6,13,13,21,10000.0
8.1,64,11,0,18,23,10000.0
1.1,44,7,6,4,21,10000.0
6.9,1,42,5,10,13,30600.0
2.1,35,29,15,6,13,41200.0
7.8,39,43,25,16,11,64800.0
4.7,65,7,20,20,19,10000.0
6.5,4,9,3,16,3,10000.0
9.7,55,33,14,1,15,72900.0
5.5,66,43,2,7,5,57800.0
1.5,50,49,20,8,0,81000.0
6.9,27,0,4,18,18,10000.0
2.8,89,14,10,7,18,29300.0
8.4,95,35,4,10,16,50300.0
5.3,31,38,26,4,1,87900.0
2.4,16,19,24,9,22,24600.0
9.6,12,22,21,12,23,29300.0
3.7,68,15,17,17,10,24300.0
7.6,41,32,23,1,5,87000.0
5.2,8,34,1,11,11,15300.0
1.7,13,44,0,0,27,24300.0
4.8,75,0,16,19,14,10000.0
8.4,13,36,13,19,22,16200.0
4.1,24,11,13,12,15,10000.0
4.6,15,10,0,1,13,10000.0
1.4,78,19,16,7,8,47200.0
6.0,4,27,21,10,28,23700.0
8.3,34,38,11,6,15,54300.0
7.3,32,1,28,18,5,26200.0
1.9,22,8,1,13,8,10000.0
8.6,31,49,30,15,0,90500.0
3.5,60,23,2,14,22,10000.0
9.7,28,22,29,17,26,33300.0
7.3,59,43,21,17,17,55800.0
1.2,54,2,2,10,17,10000.0
9.6,50,47,15,7,25,64700.0
4.1,25,42,9,11,10,39200.0
1.9,24,9,14,5,5,26000.0
5.7,78,45,21,8,25,70300.0
4.9,18,33,18,1,21,52200.0
2.5,86,32,30,0,23,84800.0
5.3,65,9,12,1,0,55100.0
1.7,48,0,21,15,4,15300.0
8.9,83,24,4,3,27,39700.0
4.6,90,21,0,6,10,35200.0
3.6,27,6,16,12,18,10000.0
2.8,64,40,11,20,19,22300.0
1.6,76,45,21,5,12,80500.0
3.9,92,43,7,1,24,62900.0
9.1,41,16,8,9,12,28500.0
5.3,2,47,6,10,14,33200.0
7.0,14,23,20,10,26,25200.0
8.6,46,14,21,7,24,38500.0
3.1,21,24,1,5,2,26000.0
5.1,10,10,7,8,16,10000.0
8.7,8,41,3,20,20,10000.0
7.5,29,28,5,19,5,16200.0
5.6,11,19,14,10,21,13500.0
6.7,72,22,22,20,7,43000.0
7.9,44,2,17,9,22,16500.0
5.0,36,4,21,18,12,10000.0
3.6,33,35,22,10,19,46100.0
3.5,18,20,15,3,27,21900.0
9.1,65,14,7,19,5,19200.0
5.6,0,12,16,9,10,19200.0
8.2,48,4,24,4,21,41800.0
7.7,95,40,14,15,7,67900.0
9.7,53,32,13,14,24,34800.0
7.1,80,37,17,13,26,48700.0
5.6,7,33,9,14,10,21800.0
3.3,12,41,22,12,15,45200.0
3.9,78,2,18,12,7,29200.0
7.4,95,30,13,7,15,63800.0
6.6,13,12,2,12,24,10000.0
3.4,65,50,14,8,2,79300.0
9.1,22,34,5,2,7,55300.0
5.8,14,4,4,20,5,10000.0
7.6,38,11,10,8,20,16600.0
2.7,85,19,19,1,9,67400.0
1.8,78,11,25,15,15,30500.0
5.3,25,48,4,19,7,27100.0
8.3,12,48,28,0,2,108200.0
5.5,79,12,25,17,26,24200.0
9.7,11,41,21,6,27,56200.0
9.7,43,23,19,8,7,60800.0
6.2,32,10,1,13,17,10000.0
2.5,85,47,30,8,6,100500.0
8.7,100,42,7,5,26,63900.0
2.6,29,33,2,15,11,10000.0
1.1,24,35,26,18,19,28400.0
8.0,61,40,21,12,8,73800.0
1.4,34,1,6,19,2,10000.0
9.0,18,18,21,13,7,39900.0
8.5,28,38,22,18,24,36400.0
1.6,58,40,28,7,19,69600.0
3.6,75,30,4,9,23,24700.0
5.6,63,10,18,0,23,44100.0
5.7,18,11,4,9,26,10000.0
6.9,85,42,18,15,1,77300.0
5.3,55,26,7,6,15,36600.0
5.6,56,22,1,13,16,10000.0
3.1,57,3,7,10,14,10000.0
5.8,22,2,3,15,7,10000.0
3.7,21,4,11,14,7,10000.0
3.1,55,0,5,20,18,10000.0
6.9,23,6,10,14,5,10000.0
8.6,9,37,3,7,8,39400.0
8.8,3,20,21,4,2,60000.0
5.7,43,14,27,11,17,39800.0
6.5,0,41,28,3,5,85000.0
4.7,79,15,23,4,16,58600.0
2.0,31,13,5,9,10,10000.0
7.6,42,10,19,20,28,10000.0
1.4,49,34,30,16,25,39500.0
4.4,22,6,1,9,2,10000.0
8.7,55,28,15,5,11,63400.0
1.6,25,28,9,3,22,24200.0
7.8,84,2,22,9,21,36800.0
9.8,84,30,26,3,21,86800.0
1.7,73,42,0,16,24,11300.0
8.5,74,47,23,1,11,107700.0
4.6,67,30,23,7,15,64800.0
9.5,53,44,27,6,24,83400.0
5.6,99,11,22,17,5,45900.0
3.6,3,34,25,19,17,24600.0
3.6,80,38,9,14,0,54700.0
5.9,31,32,3,10,5,32600.0
7.7,13,33,27,8,5,71800.0
1.5,55,33,25,3,9,75000.0
3.5,89,10,29,14,13,46200.0
9.3,20,24,15,1,27,42100.0
1.7,20,17,20,13,27,10000.0
7.8,75,5,0,19,1,10000.0
6.6,38,26,15,18,18,19100.0
7.3,72,43,24,9,20,77200.0
3.0,33,23,11,13,12,17400.0
4.1,41,11,18,4,27,23500.0
8.4,20,47,29,11,21,70300.0
9.1,36,38,21,19,4,56500.0
6.5,100,19,10,14,13,36000.0
5.7,28,48,8,11,3,54800.0
2.2,68,45,13,15,28,31300.0
1.5,62,32,2,16,1,23600.0
3.2,14,20,18,6,26,19600.0
8.3,99,42,22,0,22,99300.0
2.3,47,50,19,5,7,80200.0
6.9,73,32,4,7,4,55700.0
2.3,85,20,29,3,26,61600.0
8.8,75,35,12,8,10,67100.0
2.3,58,37,7,18,2,31500.0
9.8,99,34,5,12,7,59800.0
2.9,35,33,4,15,15,10300.0
1.9,30,24,2,19,12,10000.0
4.6,15,5,9,14,22,10000.0
8.0,51,18,19,13,5,46800.0
1.6,91,6,13,20,20,10000.0
8.0,6,37,4,2,10,46800.0
6.7,81,25,14,17,5,44700.0
5.7,96,39,7,17,7,48700.0
8.6,79,39,14,1,11,87900.0
6.0,35,3,28,14,22,17500.0
5.6,70,11,17,18,11,21700.0
1.3,51,34,5,3,15,38400.0
8.9,23,17,13,18,13,12200.0
8.2,25,47,26,19,19,52900.0
1.3,27,18,26,4,17,42700.0
5.3,54,3,13,18,22,10000.0
5.5,87,29,23,17,28,38600.0
5.0,48,47,30,14,15,73400.0
1.3,47,16,16,5,26,20700.0
8.1,40,18,10,7,21,26200.0
8.1,2,24,22,10,11,42800.0
2.1,76,3,4,15,1,10000.0
3.4,84,6,2,4,20,13000.0
2.1,59,22,9,16,21,10000.0
1.4,20,27,26,5,3,61800.0
4.7,36,42,26,4,19,74200.0
3.6,52,48,25,7,21,73300.0
7.4,84,24,23,0,14,84500.0
1.0,22,32,12,5,19,29600.0
3.7,79,15,30,11,18,51100.0
5.2,97,42,6,15,20,40500.0
7.0,19,46,4,20,9,22700.0
2.5,61,18,28,7,7,62300.0
8.3,24,21,1,14,1,17300.0
3.9,72,19,0,6,22,14400.0
3.6,26,38,24,9,8,63000.0
8.1,34,9,27,6,3,60900.0
5.7,4,36,15,3,13,52100.0
8.7,58,49,16,18,16,55800.0
5.3,35,35,3,8,12,32600.0
5.2,94,48,23,18,26,59100.0
3.8,40,20,11,0,4,52100.0
6.0,93,16,18,12,18,40900.0
8.5,52,49,8,12,2,67600.0
2.7,39,28,2,8,20,12100.0
8.9,88,2,19,5,1,63700.0
5.8,87,18,11,7,20,38200.0
9.8,39,21,11,10,5,43800.0
2.3,66,42,6,15,1,44400.0
4.5,50,34,22,6,9,70000.0
6.8,18,36,16,13,20,33000.0
9.6,50,10,16,19,9,21200.0
8.1,66,44,15,5,0,92500.0
9.6,34,30,14,15,23,27400.0
4.4,91,13,9,3,4,52600.0
1.2,5,1,17,9,24,10000.0
1.6,56,26,7,5,16,30500.0
3.5,53,42,25,20,6,56400.0
3.4,3,43,13,5,12,48200.0
2.6,27,27,26,2,13,62300.0
1.3,38,46,25,15,28,39500.0
5.9,70,33,10,10,7,53800.0
2.2,67,13,9,20,1,10000.0
1.9,59,27,5,5,19,27000.0
2.4,97,5,4,3,3,35900.0
4.6,31,44,25,20,10,50000.0
8.5,87,17,6,14,2,39100.0
8.5,20,37,6,2,4,61000.0
4.4,23,50,10,10,26,34700.0
6.7,42,20,30,18,2,53000.0
3.3,8,10,5,15,2,10000.0
9.7,11,46,24,18,16,52700.0
2.1,62,28,10,11,20,23800.0
8.0,41,11,30,0,2,82300.0
3.2,85,39,1,18,17,19400.0
8.1,13,18,7,1,0,46600.0
6.7,82,50,28,20,20,70000.0
7.2,85,37,21,9,28,62400.0
9.8,66,33,16,13,14,56400.0
4.9,29,34,27,12,3,66000.0
7.2,50,2,29,5,19,45900.0
5.9,7,35,17,16,4,38400.0
2.4,36,39,28,7,4,78600.0
9.9,66,11,15,18,19,18100.0
1.9,74,8,19,14,4,30500.0
1.9,4,7,23,2,1,41500.0
5.8,69,24,17,1,17,62800.0
2.2,6,2,17,16,17,10000.0
5.0,53,48,10,4,21,59900.0
5.8,3,24,6,17,8,10000.0
5.5,37,8,30,1,19,54100.0
5.1,32,20,24,12,23,28800.0
4.7,30,38,30,12,27,50400.0
2.7,8,28,22,5,16,42800.0
6.5,7,22,10,18,9,10000.0
6.2,41,9,12,13,15,10700.0
5.8,67,46,15,11,11,67200.0
4.9,54,20,4,10,15,17000.0
5.7,33,43,4,0,11,59300.0
6.1,5,5,7,4,19,10000.0
2.0,72,42,18,15,2,62600.0
6.0,62,48,18,15,10,65600.0
2.8,48,37,2,15,26,10000.0
8.8,2,41,8,9,0,53200.0
9.9,64,41,5,14,16,43500.0
2.9,0,3,10,16,28,10000.0
3.7,4,3,23,11,6,18100.0
6.6,15,5,12,8,2,22700.0
8.4,11,11,4,3,8,23100.0
3.7,69,30,13,1,19,56600.0
4.7,53,21,20,3,27,43300.0
2.9,82,2,29,5,5,60900.0
3.1,19,10,8,6,4,17900.0
8.6,84,22,30,6,21,76400.0
9.8,1,21,11,17,4,19400.0
7.3,35,23,25,9,2,65600.0
2.8,37,12,9,0,0,42200.0
1.9,48,43,30,0,26,80200.0
9.4,84,3,13,13,25,15500.0
8.4,20,2,17,8,26,10000.0
1.5,61,32,14,7,8,52300.0
8.0,85,38,13,15,9,60000.0
3.3,41,19,4,2,25,14900.0
6.6,89,23,7,2,24,45400.0
1.7,98,48,9,9,19,57300.0
7.8,37,0,21,18,20,10000.0
6.4,67,12,20,14,8,38900.0
6.3,39,48,0,16,28,12300.0
2.7,35,3,22,5,13,28900.0
9.2,82,21,16,7,3,71000.0
6.9,54,17,29,20,22,28500.0
9.4,55,48,21,7,21,79800.0
6.5,26,5,8,14,28,10000.0
5.6,51,13,12,10,24,13500.0
5.0,49,4,27,3,6,57200.0
8.4,17,10,29,11,6,47400.0
7.4,77,14,16,19,21,16900.0
5.6,35,33,29,2,16,78200.0
1.1,88,4,24,9,27,23600.0
6.0,41,16,28,20,14,28300.0
8.1,97,48,21,18,27,61800.0
5.5,29,12,26,6,9,49700.0
4.0,59,30,21,0,27,60200.0
6.1,84,2,11,8,27,12900.0
3.7,1,17,15,7,23,10200.0
6.5,0,9,20,8,13,23000.0
1.5,34,37,18,8,16,45200.0
1.1,79,25,21,8,28,38400.0
3.8,73,21,16,0,21,53500.0
7.8,15,5,24,2,26,31100.0
9.6,53,33,28,13,4,80100.0
4.8,84,11,22,13,11,41800.0
7.1,13,3,30,9,18,30100.0
8.4,20,10,25,2,11,55300.0
8.2,37,49,5,4,28,48000.0
1.1,55,33,30,4,25,63700.0
5.7,27,41,12,1,25,51500.0
9.2,89,30,1,11,0,54600.0
9.0,34,39,13,9,19,49700.0
6.8,11,32,17,0,18,56400.0
1.8,42,13,2,15,17,10000.0
7.2,33,5,14,9,4,28300.0
3.5,47,39,15,0,11,71600.0
6.8,47,37,26,18,13,54700.0
8.5,72,50,4,19,24,32600.0
7.7,9,47,20,15,18,47100.0
3.3,100,14,30,12,28,43600.0
4.6,31,26,22,12,13,40500.0
1.7,19,12,4,0,11,16100.0
4.4,66,35,29,1,27,78100.0
9.4,46,42,18,10,23,58600.0
8.7,57,23,4,10,3,40500.0
2.7,2,16,5,17,12,10000.0
3.4,4,31,23,15,9,34500.0
9.6,50,38,19,3,8,86700.0
5.9,62,7,0,14,9,10000.0
7.4,67,8,13,4,3,51400.0
3.1,91,3,14,13,8,23500.0
8.6,76,46,23,13,17,77500.0
6.0,32,15,17,19,22,10000.0
7.2,82,19,14,16,8,39000.0
7.4,68,22,3,6,25,24700.0
5.9,38,17,24,6,18,46200.0
2.6,34,18,10,8,17,15400.0
7.8,2,47,4,14,6,35200.0
8.6,55,20,30,16,14,52700.0
3.8,16,36,23,15,24,28900.0
4.4,26,8,25,16,25,10000.0
5.7,79,39,12,12,25,43100.0
1.2,55,31,6,16,4,22900.0
6.4,64,26,9,2,24,43500.0
7.9,69,47,20,14,9,76500.0
9.5,3,17,13,18,15,10000.0
2.7,17,22,21,3,0,58000.0
2.0,21,19,29,0,22,50800.0
6.5,34,3,25,10,17,26700.0
5.8,8,25,20,15,22,17000.0
3.5,64,36,22,4,23,64200.0
3.6,65,22,16,5,10,52700.0
4.1,14,9,19,8,10,23900.0
3.8,99,6,25,12,16,40800.0
1.3,88,33,27,15,19,53500.0
1.2,89,3,30,15,12,35100.0
5.8,18,32,27,17,9,46500.0
9.2,1,5,9,0,10,27200.0
9.2,60,16,13,3,24,41900.0
3.3,51,34,15,18,10,32400.0
3.2,45,40,7,20,4,26400.0
3.5,51,44,5,18,15,22800.0
2.1,58,47,6,20,16,21600.0
1.1,98,7,25,13,26,24100.0
7.2,20,41,0,12,15,22400.0
8.3,3,35,2,11,2,31500.0
3.7,3,14,10,0,6,31300.0
5.5,54,29,24,16,6,54200.0
1.1,95,42,9,8,20,50200.0
4.7,29,24,20,1,18,52100.0
5.1,77,23,2,19,27,10000.0
4.2,94,41,16,6,8,81600.0
4.6,70,24,20,2,12,68200.0
6.6,99,40,0,3,0,76900.0
5.5,67,25,5,10,23,20600.0
8.9,43,33,4,9,16,35700.0
9.2,49,26,10,14,15,31100.0
2.9,36,44,25,20,25,33100.0
5.5,78,1,7,6,25,10000.0
5.5,11,18,3,8,9,11800.0
6.6,93,32,17,3,24,68600.0
2.4,70,13,28,16,4,44800.0
7.4,20,19,23,5,15,49300.0
1.9,2,21,7,7,0,21900.0
4.4,58,40,28,8,21,71200.0
9.3,61,13,25,10,23,44400.0
9.2,91,40,3,1,26,62200.0
3.0,13,3,3,1,15,10000.0
4.2,71,48,19,6,18,76200.0
3.5,76,47,4,19,4,40800.0
6.5,12,36,0,12,19,10000.0
4.9,24,29,17,16,10,29500.0
3.6,71,44,30,15,22,65500.0
5.3,87,28,23,13,5,68200.0
1.8,0,22,23,9,18,24100.0
9.9,39,10,13,11,12,27000.0
1.0,57,20,4,6,0,33100.0
6.3,99,25,24,2,24,75300.0
5.2,45,27,22,13,25,32900.0
1.7,16,48,3,10,14,26700.0
6.0,13,28,10,13,28,10000.0
4.9,53,15,15,10,12,31200.0
1.8,19,17,29,1,18,49800.0
9.1,57,31,19,13,8,60800.0
2.6,49,14,13,17,24,10000.0
2.6,61,19,13,14,7,27000.0
6.7,7,28,10,13,22,10500.0
6.0,75,15,16,6,26,35500.0
6.6,1,47,28,11,8,72500.0
6.7,5,28,4,9,27,10000.0
2.0,47,42,11,17,27,15600.0
1.2,44,21,8,4,11,29600.0
6.1,32,42,19,10,22,50300.0
5.6,61,40,20,3,21,72500.0
3.9,42,42,16,4,25,53400.0
2.7,52,9,7,11,7,11500.0
6.2,62,17,30,6,26,55000.0
2.1,50,10,28,14,24,19200.0
9.9,19,12,24,20,12,21500.0
6.2,26,30,1,1,25,24700.0
2.4,59,10,3,16,6,10000.0
9.9,18,17,22,12,6,45200.0
9.2,60,39,17,12,22,54900.0
4.8,55,41,11,19,6,39600.0
3.1,13,49,11,2,1,70600.0
2.9,31,6,18,20,27,10000.0
3.1,68,22,1,18,9,10000.0
3.7,42,2,17,12,14,10000.0
1.9,63,33,10,15,2,38700.0
2.8,70,2,29,17,10,28100.0
6.6,64,27,28,13,4,71400.0
9.4,63,27,15,11,0,65200.0
8.5,95,50,13,4,20,87000.0
4.7,8,18,15,17,25,10000.0
4.5,2,4,8,9,6,10000.0
1.9,67,7,6,19,2,10000.0
5.7,65,27,18,11,6,56900.0
4.2,55,21,26,4,23,53900.0
2.1,55,49,0,19,9,22700.0
4.5,11,37,16,20,25,10000.0
1.1,44,22,22,2,2,64400.0
3.5,59,45,28,15,21,60700.0
8.5,21,18,14,19,22,10000.0
5.5,95,29,6,10,27,30500.0
4.3,13,3,16,19,0,10000.0
2.8,75,40,8,3,28,46100.0
8.5,42,0,7,17,13,10000.0
5.2,55,10,9,14,7,15400.0
1.2,86,5,0,6,9,12200.0
5.9,68,2,29,10,0,57700.0
2.5,33,40,17,20,10,30400.0
9.9,55,23,8,0,24,47300.0
5.2,78,37,30,12,0,91800.0
4.3,54,14,22,17,11,26800.0
5.7,22,1,17,16,15,10000.0
5.6,32,6,9,10,28,10000.0
1.4,12,17,15,3,28,11900.0
9.5,75,29,25,15,7,71000.0
3.8,34,37,12,4,23,41800.0
4.5,37,13,27,9,12,43600.0
4.1,96,5,18,6,28,29000.0
7.3,39,27,24,4,3,78300.0
5.8,28,35,24,16,27,32000.0
4.1,94,49,24,15,13,78400.0
3.2,65,19,28,18,27,23900.0
7.4,75,30,8,17,5,40300.0
7.3,56,8,15,0,24,37900.0
9.8,44,25,17,2,23,56300.0
9.7,62,32,18,20,5,52000.0
3.9,14,6,4,6,16,10000.0
4.8,54,4,21,20,25,10000.0
4.0,71,36,14,5,22,54300.0
6.6,2,43,8,16,17,19800.0
9.6,96,40,6,20,25,32000.0
7.3,86,34,28,3,6,104400.0
1.4,96,36,18,12,19,51600.0
7.6,43,4,16,4,1,47100.0
5.9,45,43,24,20,22,42300.0
8.8,93,18,21,19,15,42000.0
3.9,69,11,16,15,18,15500.0
2.0,62,3,1,17,18,10000.0
5.8,99,13,23,7,23,51800.0
8.7,17,41,13,6,11,60000.0
8.2,10,43,25,10,20,59900.0
5.6,23,20,17,7,16,33600.0
8.7,91,30,16,10,17,61700.0
3.2,84,9,3,8,24,10000.0
3.0,76,18,29,14,5,57300.0
3.0,82,47,21,17,3,72100.0
8.3,96,11,5,20,9,14900.0
4.8,87,23,0,1,9,47700.0
10.0,7,39,19,3,17,66600.0
1.2,31,3,12,8,18,10000.0
3.7,94,8,1,20,6,10000.0
2.5,8,42,25,7,11,61900.0
9.9,25,48,15,17,13,50800.0
8.7,65,38,1,6,0,64400.0
9.2,99,17,11,2,27,50600.0
8.3,100,18,19,5,8,75100.0
4.7,18,37,30,11,4,70800.0
8.7,65,26,7,7,11,48400.0
1.1,22,28,8,4,23,17800.0
3.5,54,18,13,4,16,36700.0
8.2,10,40,28,16,13,56400.0
8.6,14,46,6,13,16,34400.0
4.4,35,44,5,8,18,36800.0
3.3,61,19,18,18,5,29900.0
9.2,19,41,10,4,19,53100.0
4.1,36,38,14,15,7,41000.0
7.8,75,50,19,9,9,89600.0
8.3,50,11,3,4,10,29100.0
1.3,74,19,18,18,12,22800.0
8.6,94,7,14,11,8,43400.0
2.1,68,43,6,0,10,66600.0
4.9,18,6,24,2,22,31200.0
4.8,98,11,9,6,7,44500.0
7.7,71,36,0,17,8,30700.0
1.9,75,20,6,3,8,41300.0
4.6,92,14,29,4,0,86300.0
4.6,99,49,26,19,18,70900.0
7.1,51,34,12,1,15,64500.0
6.8,49,19,28,2,9,76300.0
9.6,97,18,8,16,20,26300.0
8.9,43,28,2,1,20,39700.0
4.7,1,33,21,14,27,19200.0
9.8,51,19,5,4,20,33400.0
6.2,61,9,9,18,1,16200.0
9.0,91,9,20,12,23,37300.0
9.4,92,18,2,9,20,29400.0
7.3,62,45,23,6,28,72700.0
9.0,79,30,22,14,7,69700.0
6.8,78,49,7,0,27,69500.0
3.5,73,33,27,9,12,72400.0
4.4,23,39,19,3,24,53200.0
1.0,6,21,21,3,3,47300.0
5.8,66,32,1,11,11,31900.0
9.0,100,42,27,20,3,87500.0
6.6,71,8,21,16,11,31000.0
5.0,2,45,3,14,12,20100.0
3.1,91,29,5,3,2,62000.0
7.2,33,6,12,14,18,10000.0
1.1,64,21,3,2,27,15900.0
1.1,52,30,19,16,18,26300.0
5.3,81,37,12,0,14,75900.0
4.5,24,41,7,14,16,23700.0
8.6,31,36,15,6,22,51000.0
2.9,79,24,25,18,26,29000.0
6.5,83,42,20,1,28,79900.0
9.1,72,27,18,2,22,67800.0
1.6,92,46,21,4,13,87300.0
4.3,22,1,20,0,15,31200.0
6.9,56,13,7,0,19,35100.0
4.8,58,36,1,3,28,30500.0
6.6,38,19,2,4,20,18600.0
2.7,21,40,23,15,8,48200.0
2.5,22,28,14,2,0,56600.0
4.2,7,22,4,17,14,10000.0
4.0,16,29,7,5,13,29300.0
2.8,25,38,11,1,22,43600.0
3.6,46,24,16,10,15,34000.0
9.0,68,31,4,15,24,21400.0
8.6,92,24,24,17,8,62800.0
2.3,72,25,6,16,14,14200.0
6.0,41,41,20,9,18,59300.0
5.9,30,22,17,1,10,56300.0
6.8,30,22,15,10,13,34100.0
7.9,66,40,0,8,25,34600.0
3.7,74,3,1,6,27,10000.0
7.5,42,11,0,5,5,23600.0
6.0,75,28,7,10,19,34000.0
5.3,87,29,17,17,2,55200.0
2.3,31,6,10,17,17,10000.0
2.2,7,9,11,7,10,10000.0
2.8,97,49,23,9,7,93200.0
6.9,92,5,29,7,24,51900.0
8.1,19,48,26,12,25,59900.0
6.2,35,46,20,15,27,41900.0
2.3,67,25,14,7,10,46700.0
3.0,22,14,30,17,12,25600.0
9.4,63,43,29,8,6,102200.0
5.0,67,32,10,2,11,62100.0
6.2,40,36,26,15,19,50400.0
9.3,96,30,13,12,17,55900.0
8.4,44,3,22,17,28,10000.0
4.5,11,4,11,18,14,10000.0
4.1,95,49,2,1,24,62700.0
9.7,51,49,26,2,20,98700.0
5.9,96,38,2,13,12,43600.0
8.7,27,50,13,17,18,43000.0
7.4,12,45,21,2,4,86900.0
4.4,62,32,3,15,19,14900.0
2.7,31,33,2,1,18,30700.0
9.9,46,28,9,3,11,58100.0
1.0,45,49,3,6,5,52000.0
6.4,17,36,23,3,26,56400.0
7.8,43,14,6,1,6,43500.0
4.8,33,12,20,8,6,39500.0
1.4,54,27,16,15,8,32000.0
1.8,67,18,25,19,16,25200.0
7.0,14,13,24,9,5,44200.0
3.2,37,29,27,18,28,23000.0
5.4,66,26,19,16,3,50100.0
9.0,22,17,26,18,0,44600.0
4.1,56,16,13,4,23,29500.0
4.6,95,42,0,19,20,21700.0
3.1,99,45,27,18,21,64400.0
4.1,95,40,13,14,23,45200.0
1.5,29,1,29,11,27,10000.0
2.2,14,47,24,12,1,66600.0
6.1,97,20,22,15,10,54300.0
7.5,65,35,1,4,13,50000.0
8.1,5,31,10,13,6,31700.0
3.2,59,47,22,19,3,63100.0
1.3,31,44,7,3,18,42400.0
2.1,52,42,10,16,24,20800.0
6.7,18,8,15,5,16,23300.0
6.4,22,46,25,11,6,74900.0
1.1,52,21,27,14,13,38300.0
2.4,49,50,14,3,19,65500.0
5.7,96,46,25,14,20,75700.0
3.1,42,3,29,13,2,37300.0
9.2,16,18,13,2,0,56700.0
1.3,97,28,16,18,25,22700.0
10.0,60,32,18,16,21,44000.0
5.7,8,33,18,0,23,50800.0
4.1,62,39,6,19,10,26800.0
4.4,40,14,30,4,26,45800.0
4.6,50,33,25,12,15,55700.0
9.8,66,11,0,11,16,12400.0
4.6,52,8,6,4,12,21800.0
7.9,45,31,14,7,8,59300.0
1.3,37,7,6,17,4,10000.0
7.8,58,10,20,17,24,15000.0
5.7,83,20,26,11,27,46300.0
1.6,93,29,26,0,0,99100.0
9.6,17,39,27,4,27,68800.0
1.7,16,46,27,10,6,68700.0
8.4,17,11,3,8,23,10000.0
5.1,51,24,7,5,21,29000.0
4.7,27,14,24,16,25,10500.0
8.4,8,11,13,8,23,10700.0
7.5,10,17,30,5,20,50000.0
4.2,52,21,13,5,22,32500.0
7.8,27,49,8,19,21,25700.0
3.4,0,35,15,16,28,10000.0
9.4,25,41,3,18,13,22800.0
4.5,1,19,21,15,16,13800.0
4.6,37,11,10,10,27,10000.0
3.5,54,36,14,17,17,29200.0
8.7,53,32,15,0,9,78800.0
5.2,72,24,12,11,15,37000.0
4.2,67,45,6,5,14,58500.0
2.8,54,37,27,9,19,62300.0
2.5,44,47,15,14,20,39700.0
9.1,31,43,25,7,12,82000.0
4.7,99,45,12,14,28,46100.0
5.8,39,16,22,11,25,25300.0
1.2,62,31,25,13,6,57500.0
4.9,42,14,28,13,24,28400.0
4.5,96,48,2,6,5,71800.0
5.6,78,23,19,18,7,43100.0
5.3,21,32,25,15,1,55400.0
4.2,97,26,27,6,28,64000.0
10.0,10,34,0,20,13,10000.0
1.8,66,25,2,12,8,19400.0
5.4,17,14,6,17,21,10000.0
6.4,70,4,21,20,1,28300.0
9.7,42,16,26,3,22,59000.0
9.2,1,6,0,8,23,10000.0
1.1,96,6,13,2,21,31500.0
1.1,26,39,22,20,12,30000.0
5.9,68,26,1,6,0,47700.0
8.4,79,46,3,3,7,78000.0
3.1,16,25,25,11,20,31500.0
4.0,77,43,26,18,7,70100.0
9.8,39,29,28,20,8,54300.0
4.3,9,43,4,11,7,31300.0
2.2,27,29,20,1,24,45500.0
2.3,61,32,12,10,17,35900.0
10.0,64,29,22,7,21,66200.0
2.9,32,13,30,15,21,22400.0
7.5,87,45,23,13,14,80600.0
7.3,71,0,6,11,24,10000.0
9.3,17,6,27,16,5,33200.0
8.1,47,3,21,13,15,23800.0
3.2,88,8,30,16,26,27800.0
6.7,22,43,30,6,27,69000.0
8.9,46,5,16,18,19,10000.0
2.9,22,33,3,6,2,35900.0
2.7,62,27,3,13,13,16500.0
4.8,95,0,4,7,13,17100.0
7.3,94,19,11,9,9,51300.0
3.7,84,21,29,2,19,74100.0
9.6,7,16,29,2,28,48800.0
6.3,19,17,1,8,26,10000.0
5.8,72,41,18,15,16,55200.0
2.1,46,43,27,6,19,70500.0
1.3,92,10,10,5,27,18200.0
1.4,10,19,24,13,26,10000.0
7.4,76,26,22,15,17,49600.0
3.9,54,18,0,20,16,10000.0
1.7,51,31,9,12,13,26200.0
2.1,89,32,19,10,27,44400.0
5.1,22,28,29,13,9,53300.0
2.4,53,4,2,18,10,10000.0
1.9,27,48,27,19,15,47400.0
2.4,83,42,19,11,2,76200.0
8.1,34,39,12,16,25,26400.0
5.2,58,19,21,5,7,61300.0
8.3,7,16,21,18,9,21200.0
2.2,31,13,11,14,17,10000.0
3.1,76,14,11,2,2,53500.0
5.2,10,48,13,14,19,33900.0
8.7,56,20,17,19,22,19700.0
8.7,58,49,17,18,0,73300.0
7.5,89,10,3,15,3,23200.0
4.8,55,43,23,5,9,84600.0
7.2,6,50,13,20,28,17700.0
2.7,10,10,27,2,4,50900.0
7.0,40,22,28,15,15,45000.0
1.6,95,44,30,20,19,61700.0
2.7,7,26,12,16,13,10000.0
8.6,95,29,2,17,17,26700.0
6.9,20,36,28,1,18,77800.0
1.6,87,21,21,8,24,41800.0
4.6,1,31,10,0,3,52500.0
9.0,30,26,18,0,9,71000.0
7.1,40,22,28,7,14,62200.0
7.8,93,48,1,20,13,40000.0
8.6,93,42,13,18,6,64600.0
5.8,49,37,29,7,0,92800.0
3.7,76,15,9,18,20,10000.0
7.5,3,50,11,1,23,57400.0
2.4,99,33,15,14,15,47000.0
5.3,19,7,8,13,16,10000.0
9.5,68,35,14,19,0,57400.0
9.4,56,41,29,15,21,69100.0
6.3,8,41,9,8,19,34500.0
5.7,52,6,0,1,5,26000.0
7.9,74,6,11,19,6,16500.0
2.6,6,34,20,1,27,42000.0
2.0,25,42,23,9,15,55000.0
4.9,40,43,16,16,23,33800.0
1.7,23,18,28,18,4,30300.0
5.1,57,12,21,17,25,11800.0
5.9,73,31,18,0,23,68700.0
5.3,1,27,12,13,20,10000.0
7.0,44,48,30,13,7,87200.0
9.3,40,16,28,19,28,22600.0
10.0,68,8,24,6,8,64400.0
3.5,50,45,18,18,0,58000.0
3.0,52,18,28,9,7,56600.0
8.6,93,13,1,2,21,34600.0
2.6,42,31,21,18,7,37300.0
9.0,43,50,27,2,12,105400.0
5.2,8,11,11,1,3,35300.0
1.5,9,0,12,14,10,10000.0
2.8,41,10,0,9,1,10000.0
3.6,34,18,30,9,27,35400.0
8.2,26,45,0,9,21,30200.0
8.9,79,15,22,5,10,69500.0
3.4,96,12,18,12,2,48600.0
4.4,27,30,28,14,24,36900.0
6.4,37,10,4,19,20,10000.0
4.6,46,22,8,17,5,18000.0
2.5,47,19,26,9,17,42100.0
9.8,94,16,22,11,24,50800.0
1.9,85,46,23,1,1,106800.0
8.3,63,28,22,20,13,43500.0
2.1,94,7,20,12,6,39400.0
4.3,52,29,13,17,14,24700.0
5.4,53,4,26,17,1,34700.0
9.1,43,23,6,17,5,24100.0
2.4,80,24,15,11,0,53300.0
9.1,94,41,2,11,13,55400.0
9.8,96,42,7,9,25,57900.0
4.7,5,46,11,19,12,23400.0
6.9,72,47,12,16,10,58400.0
5.9,84,29,25,8,23,64500.0
9.4,18,38,17,12,15,48700.0
9.2,38,5,17,16,11,17300.0
9.1,42,4,0,3,0,28800.0
3.6,23,11,4,13,6,10000.0
6.4,52,42,0,14,15,27400.0
1.5,86,48,18,15,14,59800.0
7.9,36,24,1,19,1,13100.0
3.4,92,12,3,0,1,49900.0
7.5,91,16,20,20,20,28300.0
4.5,62,31,13,16,24,22100.0
4.7,24,9,13,10,21,10000.0
2.8,50,40,27,4,28,65100.0
8.2,17,38,0,5,14,35500.0
2.7,97,33,28,12,23,62500.0
7.0,98,22,23,15,0,69900.0
9.1,24,32,25,3,15,73900.0
2.7,96,15,9,4,11,43700.0
6.7,4,9,23,13,23,10000.0
1.6,96,0,14,5,6,37000.0
2.5,11,27,19,0,14,49800.0
2.6,94,11,29,16,13,42900.0
3.9,30,21,5,7,15,16300.0
6.4,30,6,13,20,14,10000.0
6.0,57,39,21,14,6,65600.0
9.0,29,19,14,19,17,11700.0
4.1,90,21,6,4,21,36200.0
1.8,84,37,17,9,18,55300.0
6.9,76,34,21,14,1,73100.0
7.4,18,28,4,1,11,41200.0
2.6,74,50,6,2,15,67400.0
9.5,49,6,10,8,9,29700.0
1.8,62,0,17,15,14,10000.0
2.3,62,29,21,9,19,46700.0
7.0,21,27,1,4,11,29800.0
5.5,49,31,16,7,13,53700.0
6.4,42,32,7,10,2,45900.0
1.8,92,47,21,0,4,105700.0
9.1,54,38,3,7,8,54900.0
4.3,8,49,10,3,14,55000.0
4.8,85,45,19,1,20,86600.0
5.7,29,4,5,11,2,10000.0
4.7,17,43,2,8,5,39500.0
3.9,9,14,30,5,27,32500.0
3.4,32,33,18,13,24,26400.0
3.7,69,37,19,12,0,69600.0
1.5,31,19,2,2,2,28300.0
8.0,64,4,27,13,13,40700.0
7.8,64,12,23,13,12,43300.0
7.8,79,13,3,12,14,18800.0
5.5,53,9,30,6,8,60900.0
8.5,80,40,13,14,15,57500.0
4.3,39,50,24,17,20,52300.0
6.0,71,22,24,6,5,74300.0
2.6,65,19,10,7,20,24700.0
2.3,49,25,12,17,19,10000.0
5.7,56,23,3,13,6,23700.0
3.5,28,1,10,15,10,10000.0
6.3,83,19,25,9,11,65000.0
3.1,12,36,22,9,18,42800.0
7.8,93,6,10,12,0,40500.0
7.2,5,27,15,11,7,36400.0
9.8,95,16,29,1,3,102600.0
4.6,22,25,24,10,23,33800.0
1.4,61,14,0,19,24,10000.0
6.6,30,21,25,20,25,15700.0
4.1,77,15,11,18,0,26800.0
9.9,100,2,27,19,20,34300.0
3.5,76,43,17,20,25,33300.0
8.8,75,28,5,20,7,28600.0
8.0,75,17,21,3,16,65000.0
9.3,92,10,7,19,20,10000.0
2.3,46,32,23,11,16,46900.0
2.0,33,16,24,10,1,44900.0
7.4,59,36,11,13,5,54000.0
6.5,12,29,10,14,18,14600.0
9.8,80,14,11,5,23,41100.0
2.3,86,17,8,7,10,35400.0
8.8,0,12,18,1,26,28600.0
6.4,19,12,21,8,6,40000.0
8.1,44,27,11,19,4,30900.0
5.2,72,47,30,13,3,95000.0
4.6,70,5,7,11,14,10000.0
1.4,30,8,20,9,22,10000.0
1.2,20,40,19,9,18,40900.0
8.9,20,8,25,19,7,24300.0
2.3,24,6,23,14,20,10000.0
5.4,38,9,2,8,6,12200.0
8.3,26,46,8,16,13,37400.0
8.3,8,23,19,10,14,36500.0
3.5,58,8,9,6,12,21900.0
5.3,29,4,0,20,17,10000.0
6.5,58,37,27,8,16,75900.0
1.2,73,30,17,11,20,37800.0
7.1,91,26,14,9,1,69500.0
6.1,57,48,20,6,10,85300.0
1.1,42,34,2,5,15,26800.0
2.6,26,39,5,5,3,46500.0
5.7,29,50,30,5,17,88100.0
9.6,53,34,11,4,27,50600.0
4.2,34,2,23,4,11,36100.0
2.2,71,20,30,7,22,54700.0
1.4,65,38,28,8,4,82300.0
7.7,47,35,14,3,20,59500.0
2.1,75,46,16,14,9,59700.0
6.3,92,48,9,9,27,56700.0
6.6,35,11,11,11,6,23200.0
9.4,20,33,11,0,2,72300.0
3.4,33,24,17,6,15,39200.0
2.7,17,25,22,5,11,47500.0
9.9,44,15,25,3,16,63500.0
4.8,20,11,14,1,19,26600.0
2.9,18,21,29,15,7,38700.0
8.5,66,39,30,11,4,94800.0
3.4,8,49,20,7,13,61200.0
8.7,19,45,14,11,5,62100.0
2.4,64,34,19,17,22,30500.0
5.4,9,8,15,16,24,10000.0
7.0,54,36,9,12,28,27700.0
9.7,57,38,15,19,20,39000.0
1.6,82,9,2,3,6,27800.0
4.9,41,7,28,6,6,53100.0
5.8,59,1,3,3,14,14800.0
1.9,47,13,11,1,4,41400.0
8.2,51,31,6,15,19,22700.0
2.9,61,13,16,18,23,10000.0
2.0,38,40,26,8,3,75400.0
5.9,52,39,5,2,20,49900.0
1.1,13,5,14,1,25,10000.0
4.3,25,37,19,16,3,46600.0
4.7,60,45,12,18,3,51400.0
9.3,29,46,16,20,25,32300.0
7.4,75,28,19,16,7,54800.0
9.1,59,13,15,14,0,43400.0
6.9,3,2,19,9,12,15200.0
1.4,52,20,9,4,17,26900.0
2.0,61,37,7,15,8,31800.0
6.1,62,12,0,5,4,28800.0
3.4,61,26,14,16,23,17100.0
3.7,26,21,17,16,25,10000.0
5.1,19,7,15,10,18,10000.0
5.0,25,40,30,14,3,71500.0
8.0,67,41,16,18,25,40100.0
9.4,69,36,29,3,11,102000.0
7.1,79,5,21,8,8,50400.0
6.9,58,14,30,13,8,56200.0
6.6,77,15,1,5,12,30800.0
4.4,59,20,0,12,23,10000.0
8.0,15,33,11,12,21,25000.0
9.9,77,47,29,8,8,109400.0
4.4,24,19,6,13,1,17000.0
3.4,81,32,18,7,10,66100.0
4.2,22,46,14,16,0,50000.0
9.6,16,38,20,4,4,80000.0
1.6,84,41,0,16,17,20400.0
6.0,35,18,18,18,25,10000.0
5.7,71,3,27,13,24,26200.0
5.5,77,28,29,8,24,65600.0
7.9,23,23,20,12,8,43700.0
6.9,5,28,23,12,18,35800.0
4.4,54,22,25,6,25,47500.0
10.0,24,7,26,4,13,52200.0
3.3,24,10,13,12,13,10000.0
8.9,73,27,1,11,6,40200.0
3.9,85,25,3,4,5,49800.0
4.9,17,1,18,1,13,27900.0
7.8,92,0,18,2,14,52200.0
8.1,61,25,25,3,23,68000.0
9.1,36,8,18,8,23,25000.0
7.0,11,12,20,0,20,39300.0
8.5,22,28,2,11,2,30600.0
1.4,68,48,24,4,17,82200.0
3.2,99,45,3,6,5,68600.0
2.5,96,21,14,3,16,53800.0
1.9,98,45,23,17,6,72700.0
6.4,89,31,20,1,28,70500.0
5.7,37,16,26,13,4,47500.0
1.9,5,10,29,7,21,23800.0
8.4,45,2,14,6,14,27300.0
2.9,79,46,2,8,16,46500.0
8.0,32,47,18,0,5,94600.0
8.8,73,19,1,14,2,30000.0
2.3,2,23,12,16,24,10000.0
2.5,87,26,28,12,2,73100.0
7.7,7,30,13,12,19,24000.0
3.7,39,11,23,8,1,47600.0
2.1,56,41,6,3,17,48000.0
4.2,94,6,1,7,12,18100.0
1.8,92,28,2,10,15,27200.0
5.9,79,15,14,9,27,26500.0
7.6,89,39,29,2,11,109400.0
6.0,56,6,7,15,15,10000.0
9.1,57,21,16,5,0,70300.0
9.8,88,28,26,6,25,76000.0
8.0,2,3,27,13,5,29100.0
3.4,48,35,26,18,17,42200.0
8.4,84,35,27,16,20,65500.0
7.5,47,39,4,3,25,43100.0
8.5,74,1,2,14,24,10000.0
2.0,55,19,3,2,7,33000.0
7.1,44,42,1,16,16,22900.0
2.6,19,42,6,17,25,10000.0
9.6,58,9,7,10,2,34100.0
5.7,5,16,30,2,28,41900.0
3.8,44,29,11,0,23,43300.0
7.2,69,45,2,12,0,59100.0
8.5,39,29,26,5,0,86700.0
7.0,5,40,6,19,10,16500.0
1.1,49,16,5,5,7,23400.0
3.6,71,11,10,10,5,29500.0
8.0,50,3,17,2,4,51500.0
2.2,45,22,22,13,18,28900.0
4.2,13,44,0,15,1,25300.0
1.4,17,37,27,12,5,56400.0
8.6,48,31,9,5,18,48100.0
3.8,93,21,20,3,22,58500.0
2.6,55,39,2,11,12,29700.0
5.8,91,23,9,4,4,63400.0
7.7,43,3,11,2,17,26800.0
9.3,99,30,22,17,1,76300.0
9.6,89,26,0,15,11,30900.0
2.2,41,25,10,16,18,10000.0
4.2,25,13,18,5,25,20900.0
8.0,93,48,27,8,28,88400.0
4.9,59,13,30,1,8,75500.0
7.9,57,13,23,2,5,71400.0
5.0,83,11,3,8,9,25400.0
6.0,43,29,28,14,26,41900.0
9.9,3,33,1,13,26,10000.0
6.8,9,29,2,7,24,10300.0
2.4,42,25,10,9,28,11400.0
7.0,4,37,16,1,5,69200.0
3.3,93,47,30,12,24,78500.0
2.4,63,16,14,20,25,10000.0
7.2,87,49,12,17,16,57500.0
8.0,51,37,6,13,7,44300.0
4.3,39,12,29,3,20,49800.0
5.9,75,28,12,5,26,44300.0
7.1,39,16,28,16,9,42900.0
8.6,9,45,7,6,27,36400.0
1.8,71,23,6,1,3,51900.0
4.0,88,40,30,19,4,77400.0
3.1,8,21,28,13,0,45600.0
3.4,71,48,27,3,7,103600.0
4.3,65,2,19,18,19,10000.0
5.4,52,25,25,11,11,55900.0
9.5,98,29,3,7,27,40900.0
1.5,100,47,19,12,9,75500.0
2.3,33,32,26,0,6,79500.0
6.0,26,41,27,17,24,43300.0
4.4,26,4,28,16,4,26600.0
2.9,78,33,20,9,26,48200.0
2.5,20,50,18,3,22,60000.0
7.9,20,30,7,8,11,35300.0
7.1,85,13,17,15,26,22200.0
1.3,18,37,15,14,26,13500.0
5.8,34,44,0,10,13,32800.0
3.9,36,44,7,10,15,38100.0
2.6,54,38,28,15,13,58400.0
8.0,98,18,9,5,24,42900.0
6.9,85,44,25,13,11,83800.0
1.2,6,1,13,7,3,10000.0
7.8,99,31,19,20,2,62800.0
1.7,25,7,8,10,27,10000.0
4.9,83,17,1,12,1,28200.0
7.5,95,3,9,2,15,41000.0
7.5,71,27,21,15,6,58800.0
4.9,7,13,12,9,4,20900.0
9.8,11,13,5,7,9,20400.0
5.1,78,10,0,5,28,10000.0
7.2,64,1,1,16,13,10000.0
8.2,77,1,25,17,6,38000.0
9.4,42,22,27,15,28,35900.0
5.1,53,30,28,17,28,36100.0
2.3,48,50,19,17,12,51500.0
8.1,92,3,6,0,20,35800.0
2.4,87,23,18,18,6,38900.0
4.4,47,24,21,7,25,39400.0
9.7,28,28,27,14,3,65300.0
3.3,26,31,20,4,24,43400.0
7.9,92,42,16,20,11,58400.0
2.1,18,23,30,12,21,32600.0
2.5,2,42,16,16,7,32600.0
4.0,57,23,8,8,23,21100.0
8.2,79,25,5,4,22,42600.0
3.9,72,26,19,19,18,27900.0
2.7,21,25,12,5,21,23700.0
8.4,13,15,14,15,7,19700.0
4.1,97,36,30,15,19,69300.0
9.5,12,1,1,2,8,13100.0
9.1,46,47,30,11,14,88000.0
2.1,66,20,29,5,27,50500.0
6.6,7,46,27,9,4,79800.0
9.6,40,13,8,19,16,10000.0
8.7,74,7,19,1,8,65100.0
6.4,42,8,19,8,25,20900.0
4.6,48,11,19,0,6,57100.0
7.5,94,15,25,7,21,60700.0
7.6,57,10,26,1,2,77300.0
5.4,33,22,18,3,5,58700.0
7.5,46,38,24,13,28,48800.0
3.2,16,1,19,18,2,10000.0
1.8,53,38,12,7,15,46500.0
8.8,41,21,6,5,5,44900.0
2.9,38,48,28,18,2,69200.0
4.9,44,37,25,6,16,69500.0
4.5,78,31,13,4,24,50900.0
8.0,56,47,4,8,7,62800.0
8.4,82,40,2,20,5,39400.0
2.2,95,30,26,7,28,59900.0
3.4,60,46,13,16,7,51300.0
6.5,16,38,24,13,3,62800.0
4.0,89,44,19,4,18,81200.0
2.3,70,18,27,12,2,58100.0
6.2,45,6,3,3,16,14400.0
6.0,67,16,29,4,12,71600.0
2.1,0,14,21,9,13,18700.0
1.8,88,32,25,6,13,74500.0
5.1,76,8,4,4,16,23000.0
4.2,49,25,23,14,12,42600.0
4.2,61,15,18,10,10,38700.0
9.7,25,35,25,8,3,80400.0
9.2,80,35,29,9,13,89900.0
7.7,16,19,5,14,0,18700.0
8.4,32,25,12,12,4,41400.0
6.4,98,13,18,11,5,55200.0
2.6,83,5,8,12,6,17100.0
4.8,13,42,7,13,7,33000.0
7.4,16,16,30,15,18,32600.0
6.9,77,32,9,14,16,38400.0
7.0,6,34,13,2,9,56300.0
4.3,96,1,24,0,18,56400.0
3.3,89,24,12,6,6,57300.0
1.4,61,5,18,7,18,21100.0
1.6,17,43,24,18,21,30300.0
6.9,72,15,16,10,2,52400.0
1.5,46,2,0,11,0,10000.0
9.7,42,16,27,19,10,40500.0
3.1,37,10,20,0,6,51300.0
1.6,1,38,21,1,13,58000.0
4.1,37,6,25,8,24,22800.0
3.9,7,16,6,0,10,24900.0
7.4,8,9,24,20,23,10000.0
2.4,59,35,9,19,7,26000.0
9.2,53,6,22,3,2,65300.0
4.6,10,0,19,12,28,10000.0
4.3,75,14,3,3,18,25600.0
8.8,18,25,0,0,28,20000.0
5.4,49,16,17,2,21,42000.0
4.2,86,5,26,9,21,39200.0
3.0,30,38,4,11,13,24000.0
3.8,11,0,15,1,19,12400.0
4.8,76,10,21,0,26,47900.0
2.3,26,0,26,15,10,11400.0
2.0,83,39,2,17,24,12900.0
1.3,9,37,17,14,12,27800.0
9.1,27,40,8,8,12,50300.0
2.8,7,7,9,8,11,10000.0
9.0,80,5,24,13,15,42000.0
3.9,23,5,24,6,5,38700.0
6.3,2,27,7,0,3,47700.0
9.5,3,3,13,8,15,11400.0
6.7,28,41,18,17,28,27800.0
7.5,77,47,14,16,20,54100.0
2.2,21,8,25,19,12,10000.0
5.9,76,36,29,0,19,95100.0
1.4,50,9,24,4,17,37800.0
8.6,5,0,10,1,19,12700.0
4.6,40,0,3,6,28,10000.0
5.5,92,31,14,17,6,50600.0
4.2,82,38,21,12,8,70500.0
4.9,75,15,6,8,15,25300.0
3.8,52,35,9,7,6,51700.0
3.2,24,5,23,3,17,30100.0
6.4,14,39,28,14,8,62000.0
7.9,86,36,12,9,11,66600.0
7.9,11,6,25,17,26,10000.0
1.0,59,6,15,8,14,18200.0
9.8,57,31,21,11,15,62200.0
4.1,46,27,27,10,26,43500.0
4.5,89,4,11,1,4,50200.0
2.8,26,3,21,20,16,10000.0
8.5,89,22,11,12,26,32200.0
1.6,16,0,7,18,1,10000.0
2.8,13,19,24,19,1,25500.0
7.7,77,7,26,11,10,52500.0
2.8,21,47,29,12,6,72400.0
6.8,24,17,2,1,13,25800.0
9.9,66,23,19,19,11,42100.0
6.8,57,20,27,14,16,47200.0
7.7,60,39,20,5,16,76400.0
3.0,74,9,0,16,27,10000.0
2.2,73,40,21,13,0,71800.0
1.9,23,23,12,5,2,39700.0
1.2,60,27,26,10,26,40400.0
2.1,16,11,9,12,14,10000.0
4.9,88,39,27,17,9,72700.0
3.9,43,47,3,10,7,45200.0
3.6,22,50,6,14,15,29800.0
1.3,37,8,8,11,11,10000.0
4.8,97,50,26,16,10,85700.0
7.2,20,3,18,3,14,30400.0
4.2,10,37,5,10,17,18900.0
3.6,39,27,17,5,16,45400.0
8.0,9,0,5,7,28,10000.0
8.9,90,22,28,18,23,49800.0
7.6,90,22,26,14,17,58200.0
4.9,41,25,15,10,25,24600.0
9.8,90,19,29,9,25,66100.0
1.4,50,17,20,16,23,10000.0
3.2,48,7,19,6,12,32300.0
4.5,63,38,13,15,26,29400.0
7.3,32,43,3,6,11,48700.0
6.7,48,41,2,13,13,32800.0
7.0,77,27,7,16,20,22600.0
1.9,1,39,13,12,18,20600.0
2.6,98,31,28,20,24,43600.0
6.5,100,36,25,20,15,61500.0
5.6,33,2,30,11,5,41100.0
7.3,84,46,16,15,2,77800.0
4.3,97,17,25,20,13,39200.0
7.2,40,10,21,12,19,24900.0
2.8,18,38,5,14,5,23500.0
2.9,92,40,2,6,17,47400.0
1.2,25,39,0,12,10,14900.0
9.6,33,26,7,5,0,55600.0
2.4,42,35,13,18,25,10900.0
8.1,52,45,24,7,28,70800.0
4.7,38,11,26,17,20,16800.0
8.9,4,48,0,9,20,29000.0
5.7,70,35,1,1,2,64900.0
3.3,6,32,9,13,12,15900.0
4.8,11,5,24,9,17,18900.0
7.6,79,45,18,10,17,73900.0
6.2,7,19,23,2,11,53000.0
5.5,62,24,17,19,0,41100.0
3.0,33,10,11,9,6,18400.0
6.7,20,14,15,20,10,10000.0
3.6,27,9,27,17,26,10000.0
1.3,6,21,11,14,11,10000.0
4.8,1,25,19,11,11,30400.0
4.2,78,5,25,5,11,53300.0
7.3,4,43,21,0,9,81300.0
6.5,82,45,2,8,4,65600.0
8.6,91,11,18,5,6,66500.0
1.9,53,28,11,11,24,18200.0
7.2,40,29,25,0,19,73900.0
7.7,3,13,10,12,21,10000.0
4.0,2,18,28,16,23,13600.0
7.6,77,33,17,1,25,69800.0
6.7,32,2,13,10,12,12500.0
5.5,79,29,25,4,15,78200.0
8.7,20,3,3,4,14,10000.0
2.2,80,46,25,7,2,95900.0
6.9,88,2,2,14,19,10000.0
4.2,86,39,12,18,16,39200.0
3.4,17,1,29,7,12,30400.0
9.8,89,25,4,6,14,51300.0
5.3,46,32,22,6,23,54400.0
2.8,64,21,27,10,18,48300.0
2.4,8,46,18,20,7,33200.0
9.9,60,46,7,11,8,64300.0
7.7,55,16,7,3,16,36400.0
9.9,93,20,16,3,3,82700.0
5.1,67,25,30,12,16,60300.0
3.6,54,4,3,5,7,14900.0
8.9,7,27,10,19,24,10000.0
6.5,28,5,11,12,25,10000.0
3.7,26,23,15,9,20,22700.0
5.4,91,28,24,4,16,78100.0
1.6,74,10,26,5,22,42400.0
1.5,72,28,8,5,26,28600.0
2.7,88,49,9,2,27,63300.0
1.0,31,34,29,12,10,54800.0
6.5,56,38,0,20,11,16800.0
7.3,1,50,17,6,11,67400.0
1.4,2,1,18,0,12,19400.0
5.9,24,38,27,8,20,61500.0
7.1,32,5,4,8,2,16800.0
5.7,49,43,6,20,3,35100.0
2.3,82,11,30,2,6,75200.0
2.7,30,2,24,16,23,10000.0
9.2,91,39,18,14,27,56700.0
8.9,32,45,1,13,25,22900.0
4.8,26,31,17,18,3,34900.0
9.6,34,3,22,20,15,10400.0
6.0,52,38,16,10,16,53600.0
1.1,79,23,13,11,3,43400.0
1.9,70,0,16,0,4,44800.0
4.3,96,48,5,17,28,30900.0
9.4,40,42,25,17,3,73300.0
4.2,33,9,8,19,8,10000.0
7.0,86,17,28,9,0,80800.0
7.4,10,40,28,0,11,88800.0
2.7,67,33,29,8,7,79000.0
8.1,47,4,7,2,17,23800.0
5.0,16,6,13,1,7,31300.0
5.4,3,2,26,1,13,37700.0
2.0,0,26,9,4,22,13500.0
2.2,12,28,7,14,28,10000.0
2.7,64,3,6,5,13,13600.0
9.2,76,40,13,19,4,58700.0
9.3,54,35,17,5,21,64300.0
6.5,16,5,25,19,4,18300.0
4.7,75,43,19,4,10,85400.0
2.3,90,45,5,0,11,73100.0
6.4,100,10,22,13,9,50800.0
8.5,92,46,0,6,4,74600.0
3.3,15,18,5,7,27,10000.0
3.4,72,9,15,7,3,42900.0
1.6,16,30,17,11,10,31500.0
9.1,56,11,7,13,9,21500.0
7.3,59,30,7,0,6,66800.0
2.1,99,45,6,18,10,41900.0
9.4,68,9,12,1,21,43200.0
9.1,93,5,27,18,13,42600.0
3.6,93,24,11,5,19,46600.0
3.8,41,49,7,7,3,62400.0
5.7,65,0,12,5,18,20900.0
5.8,4,30,25,19,19,23300.0
5.6,30,29,29,5,0,82700.0
1.3,42,17,8,15,6,10000.0
4.0,88,0,17,8,0,43900.0
3.3,7,7,7,18,4,10000.0
3.6,49,19,3,12,2,19400.0
1.9,69,22,6,4,5,42500.0
5.5,39,42,10,11,15,42700.0
7.0,26,10,17,6,20,25300.0
2.4,92,27,0,20,18,10000.0
8.1,42,15,13,2,21,38300.0
6.2,4,23,13,17,12,10100.0
8.7,28,2,6,15,9,10000.0
4.2,81,22,28,1,14,80700.0
6.8,60,38,19,7,10,74100.0
3.8,50,14,3,14,3,10100.0
1.6,72,7,18,7,15,29800.0
3.9,76,32,27,15,17,56100.0
8.7,0,38,4,13,12,23400.0
5.1,54,9,14,18,28,10000.0
2.6,12,43,28,6,10,71800.0
9.6,95,9,23,17,26,31200.0
1.2,74,36,26,6,27,60600.0
9.3,47,28,6,3,27,36700.0
4.5,85,8,6,19,25,10000.0
1.4,0,50,20,17,2,46800.0
7.5,72,40,14,10,23,54600.0
4.9,73,31,30,19,21,48700.0
7.6,80,11,20,20,21,19200.0
2.5,9,18,16,7,2,33700.0
6.9,90,31,13,13,7,58300.0
3.3,51,46,0,10,14,33900.0
9.2,73,32,7,12,25,33800.0
6.2,39,25,14,13,12,32100.0
7.3,66,44,28,3,17,97400.0
4.5,25,3,24,4,19,28500.0
1.3,83,23,14,6,22,37500.0
8.6,49,6,4,3,20,17900.0
7.4,94,11,1,20,23,10000.0
3.7,99,32,12,20,4,43100.0
6.4,38,44,1,20,14,15700.0
4.5,34,16,18,7,25,23200.0
5.2,88,42,28,16,18,70800.0
2.9,33,41,14,7,13,50700.0
2.1,92,35,23,1,9,90300.0
6.1,17,42,29,1,20,80800.0
6.7,16,36,21,14,14,43700.0
9.5,23,30,17,19,6,37400.0
7.1,10,14,17,15,2,24700.0
4.0,44,14,17,6,5,43700.0
2.9,29,44,12,7,27,35500.0
8.1,7,35,25,19,22,30800.0
6.1,8,43,11,12,25,25100.0
4.6,7,24,26,9,0,56300.0
8.6,19,8,8,20,16,10000.0
2.2,32,45,30,12,14,66000.0
9.1,1,5,27,9,13,33000.0
5.2,13,32,14,17,6,27300.0
7.9,100,30,28,3,11,100800.0
5.9,11,17,21,4,12,43600.0
7.3,11,34,7,4,22,32400.0
2.2,44,29,24,12,25,33600.0
1.3,60,3,5,1,7,22100.0
3.4,53,39,14,1,10,70700.0
5.4,3,21,9,2,8,34200.0
8.4,17,20,11,1,14,42400.0
9.3,26,5,11,8,25,10000.0
6.9,22,42,7,0,12,60900.0
8.0,61,13,7,19,10,10000.0
6.8,3,32,2,4,7,34500.0
5.6,5,50,17,17,21,33200.0
7.5,11,20,23,2,10,58800.0
6.2,15,31,16,2,19,48900.0
9.6,46,34,5,0,12,62500.0
4.7,61,36,30,8,0,92700.0
2.5,15,47,23,13,4,61000.0
3.1,45,28,6,14,11,17700.0
9.9,77,41,29,9,6,103400.0
2.8,11,30,25,14,12,36400.0
7.2,74,22,19,2,19,64100.0
8.5,70,29,9,0,20,60500.0
1.0,36,31,30,13,26,36800.0
9.5,29,32,27,11,12,66200.0
7.0,58,40,26,5,25,75400.0
1.2,64,49,30,1,4,109600.0
4.7,39,21,16,10,8,38100.0
3.6,24,42,29,14,7,64900.0
8.6,98,3,8,7,8,39600.0
6.9,3,30,18,2,7,60700.0
4.1,93,31,29,6,27,71600.0
4.2,65,20,16,9,12,41900.0
6.2,9,29,2,17,24,10000.0
3.7,94,43,4,15,11,43600.0
1.7,76,46,18,18,17,46200.0
1.3,25,10,15,0,4,38600.0
3.8,88,26,13,15,7,42500.0
6.0,45,34,22,19,8,46500.0
5.9,73,39,8,20,3,41700.0
7.4,46,20,18,0,21,54600.0
9.0,19,34,4,19,19,10000.0
1.6,77,35,24,16,14,51300.0
1.2,67,22,8,4,24,24500.0
6.4,56,17,15,5,4,55100.0
7.6,17,18,18,6,19,34300.0
5.8,44,35,13,7,1,64300.0
9.0,48,23,1,19,1,17900.0
4.5,37,10,19,10,16,22600.0
1.3,62,4,25,16,18,12700.0
6.7,79,5,0,17,23,10000.0
8.6,23,20,28,0,9,77100.0
3.7,54,37,8,10,15,37600.0
7.4,91,46,21,6,7,100600.0
2.4,5,44,8,12,15,23300.0
9.7,18,1,10,12,14,10000.0
5.2,25,6,7,9,21,10000.0
9.9,11,4,20,3,7,44100.0
4.8,51,20,13,6,22,30400.0
3.4,37,42,7,20,18,12400.0
4.6,87,41,17,8,27,58800.0
8.0,90,35,16,11,14,66000.0
7.5,32,25,9,13,12,25100.0
7.6,0,8,16,9,13,16200.0
5.2,51,41,5,16,28,14200.0
4.4,88,12,5,18,24,10000.0
9.9,81,5,11,13,24,15600.0
7.7,4,37,13,17,26,13100.0
5.5,94,49,3,9,11,63700.0
1.7,85,31,0,0,19,40900.0
4.3,1,17,17,2,8,39400.0
1.5,26,8,23,2,15,34300.0
4.8,97,35,19,17,22,46200.0
7.7,37,8,30,5,18,51500.0
4.2,6,21,14,19,23,10000.0
4.7,4,39,26,19,24,26600.0
2.1,39,28,25,14,1,52400.0
2.6,37,22,16,11,5,35300.0
1.1,83,1,1,18,18,10000.0
1.2,26,10,25,14,23,10000.0
4.1,58,14,7,3,21,23100.0
8.8,42,39,25,4,23,75700.0
9.9,26,47,20,8,25,63600.0
9.9,51,16,24,7,20,53100.0
3.7,16,29,30,17,5,47200.0
7.2,31,29,21,1,19,63200.0
8.2,15,8,30,0,26,47900.0
6.6,0,10,15,15,24,10000.0
8.4,43,29,18,7,17,54700.0
2.1,64,28,6,15,9,21400.0
7.5,88,24,7,10,17,38900.0
3.4,36,4,21,17,2,17100.0
4.6,27,50,29,18,14,60800.0
3.3,79,39,20,14,0,71300.0
2.6,43,15,25,6,2,56600.0
7.9,45,48,9,3,11,73800.0
8.5,60,14,22,4,12,62000.0
8.1,64,21,27,18,9,51900.0
2.0,91,40,8,10,24,39300.0
9.0,22,7,21,2,13,46100.0
4.9,56,35,16,9,26,41600.0
5.7,25,36,9,19,16,14400.0
8.6,52,48,2,3,22,55800.0
9.9,48,31,14,16,27,27200.0
5.4,44,3,10,0,16,26000.0
1.9,63,31,6,11,5,35700.0
4.8,19,47,3,20,12,14800.0
7.2,78,21,3,12,8,31300.0
9.7,30,5,2,9,11,10000.0
4.3,40,46,15,19,26,25100.0
7.9,67,3,26,11,26,29900.0
4.2,21,1,22,10,5,23700.0
6.8,68,29,20,4,13,72000.0
3.8,76,18,25,2,7,74900.0
4.0,42,10,7,4,0,33100.0
5.4,75,32,21,9,10,68800.0
9.0,57,17,20,20,25,17100.0
1.6,50,48,1,4,16,43700.0
4.1,0,41,9,6,4,46700.0
7.2,84,6,19,15,23,21100.0
3.1,21,13,5,17,15,10000.0
6.9,56,23,28,6,17,66600.0
8.3,38,19,15,19,5,26500.0
3.7,34,41,10,19,22,13600.0
8.1,65,14,25,9,16,53200.0
3.6,85,23,16,8,14,49700.0
7.2,48,7,5,15,26,10000.0
4.7,45,18,17,5,10,46400.0
9.3,43,13,2,1,17,28500.0
7.9,32,32,17,8,2,64900.0
4.6,38,5,25,13,21,16100.0
4.5,69,42,5,4,0,71200.0
4.9,69,29,17,15,17,38000.0
3.4,87,9,2,16,8,10000.0
5.8,88,30,26,9,21,68000.0
2.9,84,18,2,7,15,23000.0
3.6,4,17,13,13,11,10000.0
9.6,62,11,14,12,21,24800.0
4.5,91,6,1,19,11,10000.0
4.9,70,46,22,7,12,83800.0
3.7,71,50,16,7,25,63700.0
2.9,84,21,18,18,1,42000.0
8.7,96,34,24,8,23,77200.0
4.3,3,9,19,0,21,26000.0
7.2,26,15,24,3,18,49200.0
8.1,59,48,10,13,26,44900.0
2.5,96,30,24,8,20,63800.0
2.9,35,25,30,2,18,64300.0
5.8,54,36,23,12,11,63300.0
9.5,13,40,16,20,14,32900.0
5.4,87,10,22,9,19,42900.0
6.8,46,30,19,6,11,62900.0
3.3,26,10,18,12,4,23400.0
7.8,6,34,20,19,16,27400.0
6.7,79,47,9,15,24,43600.0
3.9,35,43,2,14,9,27300.0
7.6,88,19,4,15,22,14600.0
9.5,68,45,1,15,21,34900.0
7.6,48,41,3,0,22,53100.0
4.7,51,2,3,14,22,10000.0
4.7,98,47,6,14,7,59800.0
5.2,7,13,7,13,5,10000.0
4.2,68,44,19,1,25,74300.0
4.4,86,45,16,2,12,87600.0
6.0,21,32,14,3,13,52300.0
1.3,29,28,23,7,24,35800.0
1.3,0,41,11,12,12,24100.0
8.7,95,6,0,20,13,10000.0
5.2,48,37,16,14,28,29800.0
7.7,21,47,11,15,7,48200.0
2.4,4,31,19,9,18,29500.0
3.8,98,22,20,10,17,52000.0
5.4,23,37,22,19,23,26700.0
2.0,55,8,19,0,4,53000.0
9.3,36,47,8,18,13,39400.0
5.0,54,13,29,8,28,38700.0
3.5,55,37,28,16,0,70500.0
4.1,84,49,20,19,18,56400.0
3.7,26,37,7,9,5,39700.0
5.3,1,12,8,18,2,10000.0
7.5,28,30,5,17,10,16900.0
6.4,50,10,13,6,2,43300.0
9.1,15,18,15,7,10,39200.0
4.0,42,10,1,7,27,10000.0
4.6,41,46,16,9,15,58500.0
7.0,98,41,2,7,26,47400.0
4.5,13,7,5,6,22,10000.0
2.0,53,50,6,11,17,39900.0
8.9,17,43,7,2,17,55400.0
3.4,100,47,9,18,9,52300.0
5.7,4,40,18,1,17,60600.0
7.7,27,33,18,5,18,55500.0
4.8,40,29,24,2,26,56600.0
1.1,45,28,18,9,7,45700.0
1.6,86,45,14,16,19,44000.0
2.1,51,1,13,13,18,10000.0
8.3,100,34,23,6,3,100100.0
2.6,10,19,0,11,8,10000.0
4.3,83,20,19,19,1,43000.0
2.8,73,9,5,19,19,10000.0
3.5,62,8,6,14,19,10000.0
4.4,6,28,24,16,15,27600.0
1.1,55,20,27,0,22,57200.0
6.8,62,27,5,19,27,10000.0
4.8,21,43,27,11,23,54400.0
1.9,81,40,5,9,13,44600.0
1.4,20,3,18,5,0,28800.0
9.6,57,10,25,8,23,44800.0
1.7,44,8,11,12,26,10000.0
1.5,44,16,27,11,18,32700.0
6.5,80,42,6,14,7,53000.0
2.1,61,47,13,14,0,61000.0
8.9,29,45,5,5,15,54000.0
8.7,40,25,2,12,14,19400.0
1.3,74,8,27,20,17,16300.0
5.3,45,8,24,4,6,54100.0
9.8,53,40,3,6,6,62000.0
10.0,95,8,24,16,1,59500.0
5.5,22,11,16,20,16,10000.0
3.0,80,27,23,2,14,73500.0
1.3,26,6,8,7,4,10400.0
5.1,66,31,9,9,6,50500.0
1.4,69,43,4,15,23,19500.0
2.5,50,27,7,16,24,10000.0
8.0,22,23,6,15,25,10000.0
2.9,36,1,9,14,22,10000.0
4.4,26,5,15,8,9,19100.0
6.4,95,11,24,13,28,34300.0
9.2,38,11,20,12,13,33800.0
7.0,57,22,13,7,16,42600.0
5.2,73,49,26,0,23,97300.0
3.0,98,21,6,7,6,45400.0
5.1,11,22,13,10,9,26000.0
2.1,24,44,30,19,21,41400.0
2.4,72,14,12,12,3,31400.0
1.5,60,30,4,7,6,37000.0
9.7,44,4,2,5,6,23600.0
3.7,20,1,20,19,27,10000.0
7.7,99,14,4,3,5,54100.0
8.4,36,4,25,18,7,26100.0
6.6,86,1,18,3,0,61000.0
3.5,16,17,22,1,15,44800.0
5.1,20,41,6,8,1,49200.0
5.5,48,44,24,4,16,81400.0
4.7,98,25,23,19,16,44300.0
9.9,67,32,10,0,16,70900.0
2.1,82,38,17,17,26,32300.0
6.4,99,34,14,16,26,39500.0
4.5,37,1,26,11,16,22100.0
6.8,65,27,19,8,8,64600.0
1.8,64,9,8,9,28,10000.0
9.6,14,49,5,18,6,37900.0
1.9,1,31,14,14,4,24100.0
8.1,100,16,25,15,28,41700.0
6.4,28,15,17,5,20,31700.0
8.2,10,39,14,13,16,37400.0
4.5,53,18,29,14,9,49400.0
3.5,51,46,6,13,25,26300.0
8.4,24,49,20,18,25,42000.0
7.8,87,48,1,2,21,66200.0
9.5,76,43,3,13,5,58300.0
8.0,7,18,27,17,13,29600.0
3.0,44,12,20,13,19,16200.0
8.5,25,3,0,18,6,10000.0
4.6,32,43,13,20,24,17300.0
8.9,9,0,10,1,17,16500.0
2.7,88,17,9,15,24,10000.0
4.5,84,39,13,18,12,44700.0
7.2,14,17,27,19,16,22100.0
6.1,59,45,20,9,21,65900.0
9.4,41,26,24,19,13,42100.0
4.2,28,50,16,1,20,68800.0
2.2,2,36,28,5,7,66000.0
5.8,92,41,4,5,17,59200.0
6.8,41,7,9,9,20,10000.0
3.8,90,46,26,19,23,58600.0
9.1,61,18,6,17,10,19500.0
6.8,59,29,20,19,13,39300.0
3.2,91,12,21,15,9,38200.0
2.1,99,49,3,9,24,45400.0
4.4,10,40,27,5,13,69300.0
1.1,30,30,19,5,10,49700.0
2.0,54,14,17,0,19,40700.0
2.5,91,0,23,3,14,46800.0
1.8,43,18,17,6,17,31000.0
1.6,31,38,24,6,2,72500.0
6.6,64,37,25,13,26,54900.0
9.5,84,44,15,10,21,69700.0
4.0,46,14,8,18,10,10000.0
4.8,38,25,24,11,4,56000.0
8.0,34,27,17,5,3,65700.0
8.0,50,39,29,20,4,69500.0
2.2,46,26,7,0,28,26700.0
1.0,73,13,24,5,3,59900.0
6.1,52,48,13,18,4,55300.0
7.3,33,24,16,12,28,20500.0
3.6,15,42,23,7,1,73200.0
9.7,29,23,8,20,8,15100.0
1.4,72,6,8,11,28,10000.0
7.4,20,20,8,1,1,49800.0
2.0,75,28,25,1,23,67000.0
3.4,77,13,7,12,1,28400.0
3.0,24,5,27,10,26,12700.0
7.1,27,44,18,2,3,86300.0
6.4,52,17,24,18,20,25400.0
2.5,37,29,13,4,8,48600.0
4.5,81,28,28,4,8,87300.0
9.0,76,49,10,12,13,67800.0
2.0,42,43,18,16,18,36600.0
4.3,51,34,14,11,7,49900.0
1.4,7,44,17,17,18,22400.0
1.2,86,50,4,13,3,55200.0
6.6,28,10,1,7,23,10000.0
4.1,97,16,27,14,0,65800.0
7.1,100,23,19,5,0,85700.0
6.9,11,47,27,11,23,59600.0
4.3,22,28,9,15,7,19700.0
1.0,83,32,2,20,17,10000.0
5.0,79,7,5,5,2,36200.0
7.9,75,1,28,13,26,29300.0
6.2,91,45,6,2,8,81700.0
9.9,71,13,6,14,28,10000.0
7.8,29,32,23,4,0,82800.0
3.9,70,30,19,7,20,53300.0
5.1,33,8,16,2,12,36100.0
3.0,2,44,29,1,7,85100.0
6.1,75,16,0,4,6,36700.0
1.9,54,12,7,7,11,17500.0
1.9,71,6,15,4,24,21600.0
7.3,77,27,21,16,7,57200.0
2.4,4,8,25,6,26,13500.0
6.2,61,20,5,13,12,20200.0
2.8,56,11,17,7,20,24900.0
4.3,11,32,25,0,9,72400.0
6.5,63,31,7,20,10,23400.0
6.3,22,41,1,8,9,36700.0
2.4,86,20,20,15,4,46600.0
8.0,92,38,4,19,19,30600.0
4.7,7,28,5,10,16,11000.0
2.8,32,35,6,13,28,10000.0
6.8,25,48,24,17,21,50100.0
6.9,10,42,20,2,4,80800.0
1.6,81,6,4,7,14,11500.0
8.7,11,20,27,11,5,54200.0
8.4,43,3,21,16,9,23200.0
1.3,27,47,6,20,21,10000.0
5.6,7,27,10,1,26,27300.0
3.3,91,3,9,2,12,34400.0
7.9,44,4,23,10,4,43500.0
2.2,26,39,16,2,24,47200.0
9.5,96,36,2,19,19,29800.0
5.8,74,40,9,12,28,35300.0
3.1,8,37,4,18,12,10000.0
6.0,91,13,22,6,0,73300.0
6.4,34,18,25,7,5,59500.0
4.0,96,20,27,19,17,42300.0
2.6,57,31,28,12,16,55300.0
4.9,48,40,15,8,28,42700.0
9.7,1,48,25,18,7,62200.0
9.1,56,37,9,15,0,55500.0
5.4,63,37,2,19,12,19700.0
6.4,21,20,17,7,13,37600.0
7.9,78,15,14,17,18,23200.0
8.5,22,10,21,7,24,27100.0
9.8,98,40,8,15,24,47000.0
9.4,78,2,25,6,20,49700.0
2.0,85,9,1,13,21,10000.0
7.2,68,14,22,12,28,29800.0
7.8,87,42,25,15,20,71200.0
6.5,45,14,10,10,19,16500.0
4.3,21,5,10,14,27,10000.0
8.7,26,50,3,18,10,33700.0
9.4,98,42,2,15,13,50200.0
3.4,37,17,12,17,26,10000.0
1.9,3,43,29,3,25,60200.0
6.5,30,49,18,15,9,59000.0
9.7,42,8,3,4,15,21500.0
9.0,32,39,15,18,25,28100.0
7.7,76,32,1,4,20,43700.0
1.4,3,9,20,3,23,13700.0
3.1,3,40,22,6,28,40100.0
3.4,38,31,12,0,13,54200.0
9.3,56,25,29,8,17,70900.0
9.4,64,28,8,0,0,78000.0
8.9,76,33,27,16,26,56100.0
7.7,2,14,25,0,7,60500.0
9.1,5,39,2,4,22,31700.0
3.7,84,35,22,19,25,37600.0
6.6,57,34,6,7,13,46300.0
4.5,24,31,25,3,11,67700.0
4.4,5,20,15,5,15,27800.0
2.9,66,10,23,1,17,51100.0
2.9,41,46,12,16,26,24100.0
9.4,44,0,30,13,0,51000.0
3.9,13,8,1,1,14,10000.0
3.3,2,2,30,6,0,42200.0
2.7,53,25,1,5,16,21800.0
3.9,32,6,4,1,12,15400.0
6.4,56,4,15,1,1,53100.0
6.2,69,34,5,5,15,49600.0
2.5,44,33,25,16,9,47700.0
7.5,94,28,19,2,17,78700.0
4.2,14,37,9,20,6,17100.0
4.5,98,49,17,6,4,96900.0
6.4,57,50,2,2,18,60900.0
7.7,78,37,18,6,10,80800.0
4.7,90,37,15,6,0,83900.0
7.9,18,22,30,13,17,45200.0
9.4,87,1,16,14,28,13900.0
3.7,1,32,24,14,14,33700.0
1.5,65,17,9,4,3,42000.0
1.5,72,35,3,5,17,37100.0
2.1,96,1,28,19,10,28000.0
9.1,47,22,11,7,6,50800.0
6.1,49,28,9,12,17,27400.0
5.3,70,3,6,10,25,10000.0
1.7,89,46,19,13,23,55600.0
9.2,70,3,13,1,7,52900.0
3.4,75,41,9,20,10,33800.0
3.2,55,34,0,6,9,35900.0
8.0,92,26,4,2,28,43600.0
3.8,94,30,2,19,12,18800.0
3.7,1,46,29,4,19,70200.0
9.8,59,24,6,8,20,34300.0
6.0,36,20,11,0,0,59300.0
3.6,96,25,30,20,8,58000.0
4.9,64,10,20,4,5,56000.0
7.7,70,32,3,3,26,40900.0
6.7,70,1,30,8,8,56400.0
1.1,38,9,25,17,9,17100.0
2.9,84,4,10,6,15,23000.0
9.5,68,42,11,17,11,52900.0
9.3,2,21,12,4,22,28200.0
4.7,57,26,17,2,5,69000.0
2.5,89,7,7,4,16,25200.0
6.5,71,41,15,5,0,87800.0
7.7,64,5,29,5,15,58100.0
9.8,74,47,28,6,22,96800.0
1.9,31,47,24,7,21,61100.0
3.0,78,3,2,9,27,10000.0
9.4,74,37,20,12,13,71000.0
6.0,49,4,7,19,11,10000.0
6.2,41,25,26,19,9,41700.0
4.2,29,30,2,15,11,10000.0
8.3,90,24,8,6,2,65600.0
2.1,30,50,6,16,5,35200.0
2.8,18,28,24,10,20,35000.0
2.4,49,39,21,17,14,42000.0
5.7,99,4,2,12,12,12100.0
1.1,98,49,24,0,26,90600.0
2.8,15,37,21,5,12,56600.0
3.4,50,48,18,5,14,72800.0
1.8,67,13,14,20,19,10000.0
2.5,15,14,19,20,18,10000.0
5.5,82,32,14,0,23,65600.0
2.0,85,42,5,15,14,35000.0
7.9,94,39,19,20,10,61500.0
8.3,32,31,20,0,25,62200.0
2.5,42,31,7,11,11,26100.0
6.7,54,10,22,7,15,43600.0
2.7,31,26,30,9,22,45700.0
6.5,98,29,1,12,25,23900.0
4.9,0,35,21,18,3,37300.0
4.9,39,41,21,17,10,50000.0
6.3,29,24,23,1,8,69800.0
8.8,44,4,15,17,13,10300.0
2.7,77,46,24,17,0,76500.0
7.6,77,29,2,17,18,18300.0
4.2,30,44,2,5,23,31400.0
8.2,11,29,17,9,12,44200.0
4.7,38,19,2,9,19,10000.0
7.9,58,8,17,5,16,40700.0
4.2,23,30,7,8,16,23800.0
4.0,4,11,5,16,28,10000.0
9.3,9,39,20,3,14,70300.0
9.4,1,46,0,4,16,41100.0
5.0,75,26,10,12,3,46500.0
8.6,63,4,28,6,26,44100.0
6.0,30,20,21,4,8,56500.0
5.7,86,14,13,0,26,44700.0
7.7,53,6,7,20,5,10000.0
8.7,34,48,18,8,13,73600.0
1.9,57,6,0,0,9,17900.0
7.1,16,16,0,18,0,10000.0
2.4,29,46,7,10,7,43000.0
7.9,32,23,20,9,15,45400.0
5.0,14,18,25,20,1,28700.0
4.9,45,14,26,20,25,11300.0
2.4,63,17,23,16,8,35200.0
1.3,68,29,10,17,6,27000.0
7.7,74,20,25,14,9,58100.0
4.9,15,23,9,7,3,33800.0
8.5,88,2,17,3,1,63900.0
9.4,77,23,18,18,17,38900.0
1.4,37,31,27,18,7,42400.0
7.5,23,12,18,14,20,12900.0
2.2,83,46,8,6,18,57300.0
3.2,38,43,16,20,8,36800.0
2.0,52,40,25,9,2,77100.0
1.2,9,6,13,15,6,10000.0
5.7,69,4,16,15,15,15100.0
3.4,74,8,13,10,23,13500.0
6.3,41,46,28,11,15,75900.0
1.7,58,40,14,12,4,53800.0
8.1,76,32,21,12,17,61500.0
2.5,28,41,19,8,10,56900.0
4.3,86,30,1,17,12,19900.0
5.1,69,1,29,9,21,36400.0
6.7,83,42,30,12,25,76300.0
1.2,54,47,6,11,22,30600.0
2.6,63,36,4,3,7,53100.0
9.3,64,21,13,12,18,36300.0
6.6,74,3,7,10,17,11900.0
1.6,97,50,2,5,15,60300.0
9.6,34,38,24,7,28,61400.0
5.0,66,23,30,20,28,29800.0
2.0,8,26,30,6,3,62400.0
9.5,88,21,1,1,8,57900.0
5.2,34,3,7,12,7,10000.0
6.6,61,48,13,14,25,46000.0
7.9,28,0,17,10,7,22700.0
9.4,28,44,21,8,1,85700.0
3.9,46,13,29,0,19,59100.0
4.4,9,8,13,9,19,10000.0
8.0,7,30,1,19,2,10000.0
3.1,0,26,25,2,20,45700.0
7.7,20,40,19,1,6,81900.0
6.9,59,43,18,11,26,53500.0
7.0,72,15,7,3,27,28100.0
8.5,50,30,23,2,10,82500.0
5.9,5,16,17,4,20,26800.0
3.4,92,50,24,20,0,80400.0
3.0,2,47,1,11,9,24100.0
3.1,31,13,1,9,4,10000.0
1.0,87,4,7,16,2,10000.0
5.0,49,5,22,0,12,50700.0
6.1,20,9,11,20,2,10000.0
7.0,51,42,12,7,16,59300.0
4.6,93,42,14,7,3,83100.0
7.1,35,1,15,15,17,10000.0
9.7,63,33,16,12,20,51300.0
7.0,34,34,2,0,9,52200.0
1.7,74,34,19,10,19,49100.0
8.9,60,36,22,15,19,55800.0
3.0,61,30,20,12,24,36300.0
4.9,97,10,25,15,5,51400.0
6.9,82,20,26,13,14,57400.0
1.5,17,3,16,2,14,17100.0
8.7,13,39,27,1,22,76800.0
2.9,92,16,0,13,26,10000.0
3.3,54,20,3,3,11,30300.0
8.7,31,20,22,1,9,68700.0
7.8,87,30,22,10,4,80700.0
6.0,25,9,26,0,18,49500.0
3.3,3,32,1,15,22,10000.0
8.4,20,31,14,2,6,64800.0
9.4,74,1,25,15,19,30500.0
4.0,47,37,9,18,3,33600.0
9.8,96,43,25,7,4,110900.0
7.1,0,13,1,1,18,10000.0
2.1,13,37,21,9,27,31600.0
1.5,84,28,16,4,20,52200.0
7.7,98,40,28,15,15,81800.0
6.7,67,12,17,3,14,51000.0
2.4,14,42,10,3,26,34000.0
3.4,55,1,22,0,3,54300.0
4.6,30,7,19,6,28,13700.0
3.3,16,8,2,1,0,20400.0
8.5,25,0,16,20,13,10000.0
5.5,97,12,11,14,28,12600.0
2.5,54,43,25,6,7,82700.0
7.2,63,11,12,8,14,32300.0
3.7,36,39,9,12,1,45700.0
1.9,24,26,24,18,12,25000.0
7.4,43,35,23,3,13,78200.0
6.2,20,28,29,1,27,60900.0
7.8,50,48,5,19,9,39100.0
8.1,7,37,26,9,5,71300.0
4.1,2,5,13,11,9,10000.0
6.6,73,33,11,4,27,49600.0
6.3,12,39,27,20,6,49700.0
5.3,60,43,12,18,14,39600.0
6.8,99,35,26,2,4,109300.0
1.1,21,44,0,6,27,13500.0
4.8,52,16,22,12,21,29200.0
7.9,0,11,22,18,2,21800.0
8.0,84,36,13,18,15,45700.0
7.3,56,38,3,4,0,65900.0
4.5,37,32,27,16,24,36600.0
4.5,33,30,25,14,16,42400.0
9.7,71,50,17,12,15,77200.0
5.8,83,15,14,11,20,30500.0
9.8,53,43,21,15,22,58000.0
3.1,13,16,17,16,8,11600.0
9.8,44,31,1,0,9,56300.0
4.7,13,16,19,7,24,19800.0
7.7,58,12,6,19,17,10000.0
1.3,53,5,29,12,2,41000.0
6.3,29,50,5,7,12,52800.0
8.4,22,47,26,19,25,46400.0
3.2,31,16,23,6,7,47200.0
6.3,24,20,24,16,20,23800.0
3.3,2,41,1,20,6,10000.0
6.5,6,36,7,16,26,10000.0
3.5,46,13,14,18,27,10000.0
2.9,46,10,23,12,0,40100.0
5.8,35,26,9,2,24,33600.0
9.7,9,16,28,16,25,23100.0
1.6,18,13,18,20,0,10000.0
9.3,95,31,19,10,25,61600.0
4.1,67,43,20,16,2,67300.0
2.4,41,25,9,11,25,10000.0
8.6,37,25,23,19,10,39800.0
7.3,29,33,22,7,3,72300.0
4.9,55,22,18,9,21,36300.0
6.5,25,18,30,11,13,48500.0
7.1,11,13,17,16,1,23000.0
7.2,25,31,6,8,12,33900.0
1.1,79,39,17,19,10,42400.0
6.4,73,33,26,16,19,55700.0
4.4,42,47,14,13,28,35400.0
3.6,6,5,1,7,23,10000.0
9.3,78,17,27,6,3,84500.0
4.5,2,12,2,0,18,10000.0
1.9,89,43,29,4,7,102000.0
1.5,81,38,4,0,10,61300.0
1.0,23,22,28,13,25,21900.0
3.1,62,12,19,12,14,27300.0
2.7,62,12,26,14,10,37000.0
7.9,19,2,25,18,25,10000.0
4.3,13,22,19,17,22,10000.0
7.3,41,16,9,1,18,36400.0
9.0,8,22,24,0,12,66400.0
4.9,2,5,24,12,8,19400.0
2.8,18,46,25,4,28,58500.0
8.8,38,3,10,15,1,16000.0
4.2,29,45,11,6,2,64600.0
4.1,64,44,18,17,2,62400.0
6.0,16,25,28,12,20,39800.0
1.9,5,45,9,9,21,24800.0
8.0,29,45,0,17,20,15700.0
1.8,65,1,15,5,21,15600.0
4.1,29,26,17,10,20,28400.0
1.8,45,48,8,0,14,63100.0
1.6,46,34,18,14,23,27000.0
3.1,22,34,5,17,26,10000.0
4.8,21,10,13,14,25,10000.0
5.3,17,25,24,15,8,38700.0
3.8,1,35,8,9,2,34900.0
9.1,69,39,10,6,11,69900.0
6.1,44,10,13,0,3,51900.0
4.4,49,27,8,14,0,34500.0
7.7,62,28,1,16,25,10000.0
2.2,1,34,5,19,3,10000.0
4.0,44,42,14,20,16,28200.0
4.3,62,50,8,8,2,71200.0
6.4,62,50,30,18,3,87400.0
3.5,16,14,23,10,15,25300.0
8.8,22,17,7,12,2,25700.0
3.1,84,40,22,19,2,64400.0
6.7,10,40,8,4,23,37400.0
3.0,81,32,28,2,12,88300.0
3.0,83,28,29,4,24,70400.0
6.4,10,31,26,9,6,61800.0
2.3,74,4,27,10,11,40300.0
7.7,54,20,25,3,10,73100.0
9.8,90,39,29,4,16,105100.0
5.9,58,41,18,3,1,90200.0
2.7,17,24,14,12,10,21500.0
1.5,85,34,12,13,15,39500.0
4.4,70,47,26,6,11,92800.0
7.8,24,8,13,19,20,10000.0
1.7,100,12,15,5,11,46900.0
6.4,0,50,26,14,20,53800.0
9.7,83,12,0,8,17,23300.0
7.7,35,22,22,10,22,38900.0
9.1,78,28,29,1,1,110100.0
3.4,45,1,20,9,13,20300.0
9.7,87,39,10,15,0,69500.0
9.6,56,27,10,4,1,69000.0
4.5,69,47,24,18,10,66700.0
4.7,67,1,30,11,27,26500.0
7.5,81,31,7,4,6,66800.0
5.1,71,21,16,17,8,34500.0
6.8,26,6,25,11,13,29900.0
6.6,68,2,25,17,18,21100.0
1.9,41,15,29,19,19,17600.0
5.4,34,18,28,3,10,65000.0
4.8,45,36,22,16,5,55100.0
4.7,24,27,13,17,8,21100.0
7.2,19,2,3,13,3,10000.0
9.0,26,12,14,17,20,10000.0
3.8,11,9,26,8,23,19900.0
3.7,20,2,24,10,11,20400.0
1.8,15,14,13,7,12,15600.0
9.4,76,9,27,16,8,51100.0
4.9,82,31,12,7,3,66400.0
9.4,50,41,10,7,7,68800.0
3.7,99,46,25,3,14,100600.0
3.0,53,19,13,8,14,30400.0
4.9,47,44,13,3,12,69400.0
1.8,22,23,12,2,22,25200.0
2.2,84,8,19,6,22,32100.0
6.1,74,33,7,3,5,66900.0
4.7,46,34,15,14,26,25700.0
7.1,1,4,11,8,23,10000.0
2.6,75,30,1,8,10,33200.0
3.0,58,22,22,9,4,56400.0
1.2,24,3,28,9,9,27600.0
4.7,27,38,7,12,14,28000.0
6.3,7,27,2,11,25,10000.0
6.6,33,16,25,10,19,37600.0
7.4,46,25,5,7,22,25100.0
1.2,7,44,0,15,19,10000.0
6.7,74,3,28,14,27,25600.0
2.6,93,30,15,15,9,46600.0
2.0,97,29,28,18,15,53100.0
1.3,92,25,25,6,4,76700.0
9.8,14,38,27,11,28,52300.0
7.6,87,46,13,8,18,72800.0
8.7,69,4,19,17,14,22600.0
7.4,35,44,6,4,5,65300.0
8.0,30,30,11,11,15,34500.0
6.2,86,22,22,7,13,66200.0
5.8,73,6,15,13,6,30000.0
6.4,67,43,28,1,21,94900.0
7.3,61,13,29,15,28,31400.0
3.8,71,18,2,12,10,15900.0
7.3,78,35,15,0,18,77500.0
6.7,20,33,14,18,7,30400.0
5.1,91,3,9,0,14,40000.0
5.4,62,39,25,6,28,65900.0
1.2,47,46,22,10,5,70500.0
8.1,53,49,14,20,25,37100.0
4.3,11,50,4,12,7,36900.0
8.1,96,46,12,6,26,71000.0
6.4,52,46,2,17,24,19400.0
7.9,10,23,0,0,18,23800.0
2.6,45,5,30,10,26,22700.0
3.0,47,7,10,11,14,10000.0
9.9,71,23,9,17,7,36600.0
7.0,71,39,6,6,15,56300.0
1.4,92,35,28,13,23,58400.0
3.6,19,50,26,4,14,79900.0
5.8,93,21,1,0,7,55000.0
4.3,88,18,0,9,2,33000.0
3.2,14,4,10,6,1,16600.0
9.1,90,1,12,9,25,21200.0
4.7,58,47,10,2,20,64800.0
5.1,37,4,1,17,5,10000.0
5.3,38,13,28,4,3,66000.0
2.9,20,44,19,14,19,37300.0
5.1,79,34,5,1,19,54400.0
2.4,82,40,11,16,28,25900.0
1.3,15,16,17,19,9,10000.0
4.5,79,45,17,4,7,88200.0
7.6,34,48,13,10,21,51900.0
1.3,9,32,8,2,16,29300.0
8.3,9,9,28,6,16,42300.0
6.6,57,26,5,3,27,30800.0
2.2,86,39,29,13,16,70700.0
1.8,81,42,4,9,3,54900.0
7.8,40,15,30,15,16,41600.0
3.6,49,8,4,10,1,14900.0
4.2,51,2,27,0,21,45200.0
4.1,41,42,13,18,23,23000.0
3.9,44,19,8,17,4,14000.0
4.6,73,31,21,9,11,64600.0
4.3,82,13,27,7,28,44700.0
7.9,51,2,16,8,22,19100.0
5.9,2,33,18,14,0,44400.0
6.7,55,18,20,4,4,65900.0
4.9,52,50,24,4,11,92400.0
9.2,87,30,11,6,6,73000.0
8.9,22,3,11,13,7,10900.0
2.3,48,27,30,8,27,48000.0
7.0,16,25,1,7,13,18300.0
2.5,85,25,0,7,18,23500.0
9.2,5,42,7,5,23,39400.0
1.6,33,26,29,5,0,72600.0
5.9,54,33,30,10,22,64000.0
8.5,22,30,5,19,10,13100.0
8.5,83,36,10,2,15,73900.0
8.1,99,20,4,12,7,40900.0
2.8,35,0,10,3,16,10000.0
3.1,55,16,28,2,21,55700.0
8.7,20,25,7,1,9,47900.0
9.2,17,29,13,12,18,30000.0
6.7,83,5,4,20,10,10000.0
6.7,92,19,26,2,24,71000.0
3.4,28,38,16,10,2,55200.0
7.4,2,44,11,17,14,27900.0
8.7,82,11,28,10,0,75000.0
1.3,81,5,20,11,8,31900.0
3.9,88,18,7,20,20,10000.0
3.6,94,26,29,4,10,86900.0
5.5,40,48,13,3,11,73500.0
9.5,94,18,26,10,10,74200.0
6.9,95,20,7,14,21,23800.0
4.3,39,2,8,5,12,12300.0
7.5,47,49,18,18,6,63100.0
5.7,51,2,23,4,18,37200.0
1.4,46,14,11,20,18,10000.0
9.3,69,42,9,3,3,85800.0
6.1,52,44,28,12,25,64800.0
8.8,15,44,4,5,18,44100.0
7.7,20,23,27,4,0,76900.0
7.9,73,30,18,16,8,54700.0
8.2,38,4,2,13,11,10000.0
6.6,10,16,9,11,16,10000.0
6.5,37,5,2,7,2,16100.0
3.9,70,49,13,2,0,93300.0
4.7,34,19,24,15,20,24600.0
9.3,52,29,11,10,9,50700.0
2.0,59,10,0,5,3,18700.0
3.2,70,10,26,9,18,40400.0
