Оценка выполненной работы руководителем,Факт выполнения плана (%),Количество часов работы,Число продаж страхований авто,Число продаж страхований имущества,Число дней больничного,Число дней отпуска,Премия
8.3,73,158,42,15,20,28,35000.0
6.3,95,187,49,15,20,13,59600.0
4.0,89,213,50,2,6,4,71700.0
4.0,100,292,45,12,17,5,62000.0
3.0,84,104,40,10,6,18,56200.0
6.5,79,156,40,26,6,2,101700.0
2.6,31,81,45,9,19,26,10000.0
1.7,23,168,5,5,10,11,10000.0
7.6,4,257,47,3,3,20,41900.0
2.3,47,259,36,1,4,17,31200.0
5.4,86,188,20,18,13,25,32600.0
2.1,27,159,28,13,20,2,17800.0
2.3,37,130,2,26,2,22,30700.0
6.6,45,154,17,8,14,13,14700.0
6.3,83,97,47,16,7,16,78500.0
5.7,79,89,4,26,18,17,25100.0
9.0,66,218,7,21,0,25,51300.0
4.2,76,208,24,25,10,14,58700.0
2.9,70,212,7,12,12,20,10000.0
4.8,23,86,25,6,12,18,10000.0
3.4,40,233,39,11,20,3,31300.0
2.2,85,84,12,30,7,17,55900.0
6.9,31,166,43,24,11,22,58100.0
8.2,28,250,41,6,10,18,36800.0
8.2,25,97,1,15,2,11,32400.0
8.5,8,138,15,18,5,26,25400.0
9.8,36,216,44,0,19,17,19400.0
2.5,43,244,5,22,19,20,10000.0
1.9,73,204,46,7,6,28,42200.0
6.8,28,201,46,8,7,22,44000.0
6.4,50,198,15,25,4,24,48300.0
6.1,57,117,11,18,0,3,64300.0
4.3,42,176,15,9,2,23,22700.0
8.9,56,282,43,0,13,12,39600.0
2.9,72,148,40,24,11,21,60400.0
2.2,80,140,4,18,13,1,32400.0
7.5,16,83,37,18,14,14,41800.0
9.7,87,123,0,21,14,20,29000.0
5.2,50,80,39,29,3,7,94900.0
8.8,90,159,18,14,12,23,36600.0
4.3,49,106,16,10,13,1,27300.0
5.3,47,273,21,29,15,10,49200.0
8.9,0,288,48,12,6,25,46800.0
8.7,56,166,2,10,19,14,10000.0
1.8,78,154,1,2,2,17,10000.0
8.2,97,283,27,25,6,11,87000.0
8.0,97,198,40,3,19,17,34600.0
5.3,91,298,27,29,19,17,53400.0
1.1,47,263,23,14,14,16,16300.0
5.7,99,211,42,21,7,18,82600.0
5.6,4,184,33,27,5,16,59900.0
1.5,6,288,43,2,2,4,42800.0
2.7,1,184,38,2,4,10,28700.0
5.6,97,123,25,23,6,18,69800.0
1.4,45,203,28,29,0,8,79800.0
5.2,65,174,3,12,13,18,10000.0
6.0,21,154,40,3,6,20,30800.0
1.3,71,209,6,13,6,9,28400.0
9.8,4,126,31,2,20,28,10000.0
1.1,32,80,16,24,11,20,21800.0
7.4,23,162,27,28,15,18,42700.0
7.5,15,135,37,18,10,13,50500.0
3.5,63,176,18,26,11,15,45900.0
2.1,77,166,2,4,11,12,10000.0
2.8,36,223,3,3,14,9,10000.0
1.1,29,121,6,14,20,2,10000.0
4.7,49,272,24,19,16,3,41600.0
9.1,84,255,2,1,8,24,10000.0
1.1,30,244,45,0,0,18,38200.0
8.1,42,247,12,1,17,5,10000.0
8.2,25,150,15,23,16,26,15400.0
8.7,58,94,5,18,16,7,27800.0
7.4,77,241,43,27,17,9,78400.0
6.5,3,185,23,14,7,16,27900.0
6.4,54,85,29,1,10,16,23500.0
1.9,46,156,46,30,15,20,58600.0
8.7,20,178,12,23,1,20,47900.0
1.4,8,172,7,22,19,9,10000.0
1.2,87,276,21,5,2,12,41000.0
3.7,93,179,17,30,12,17,56300.0
9.3,50,282,24,13,13,14,37100.0
4.8,43,294,6,5,15,27,10000.0
3.6,100,250,23,29,17,16,53700.0
2.3,35,284,32,0,9,22,10000.0
1.9,88,115,42,9,5,26,49700.0
6.0,68,88,13,12,18,14,13400.0
3.3,53,268,25,13,17,11,22000.0
8.2,59,241,14,16,5,2,60100.0
5.9,27,289,27,17,18,0,36400.0
7.9,26,185,32,24,6,20,59600.0
5.1,44,91,50,4,4,4,67400.0
9.9,63,134,6,28,12,27,35700.0
1.1,84,245,30,28,16,11,56400.0
7.0,51,123,37,27,14,23,55800.0
5.2,46,297,4,6,0,19,18200.0
5.2,95,120,6,22,7,24,39900.0
5.3,58,197,19,4,13,24,10000.0
3.2,8,90,46,2,18,14,10000.0
4.0,51,266,24,17,14,24,20800.0
9.2,31,158,36,19,5,12,70200.0
2.7,13,123,11,1,16,17,10000.0
8.3,82,233,37,16,18,13,53200.0
5.7,43,256,31,29,13,9,63800.0
7.0,81,108,48,30,6,2,117300.0
1.4,42,165,21,0,6,16,10000.0
3.7,91,100,38,30,4,1,108700.0
2.5,93,264,29,2,5,18,36900.0
9.1,14,188,15,6,10,15,11400.0
9.8,23,156,47,7,10,11,53000.0
5.5,45,264,46,20,3,20,74500.0
6.5,74,199,15,22,16,11,40200.0
4.9,0,134,19,5,20,25,10000.0
2.4,99,149,38,30,5,21,86500.0
1.1,67,223,40,1,7,10,39800.0
3.7,58,290,36,20,20,0,50800.0
3.5,13,151,0,29,18,18,10000.0
8.4,77,297,26,22,12,18,56900.0
9.1,71,170,36,16,17,21,44500.0
5.6,0,125,21,4,19,1,10000.0
9.7,76,141,16,24,15,7,57200.0
5.3,34,95,12,27,19,8,27300.0
5.4,48,290,9,18,16,16,13200.0
8.5,87,96,1,16,0,19,49100.0
9.7,11,286,32,10,18,4,29700.0
6.2,60,183,20,4,20,18,10000.0
2.6,15,165,16,0,10,21,10000.0
3.2,27,221,15,4,12,20,10000.0
3.8,47,163,36,28,6,26,61700.0
7.2,90,184,34,2,0,25,53400.0
1.5,61,212,39,2,19,20,10000.0
8.0,45,262,7,8,4,19,21500.0
7.7,56,147,4,26,18,13,26200.0
7.9,63,206,8,17,9,22,28200.0
4.6,77,114,12,19,18,11,25800.0
9.6,84,88,41,20,10,21,74400.0
1.9,97,195,44,14,19,22,37900.0
8.8,11,135,46,22,18,26,37900.0
9.7,55,87,33,2,3,0,65900.0
9.3,30,217,27,13,20,6,28100.0
6.5,48,167,2,7,18,6,10000.0
3.9,34,135,12,29,8,19,38500.0
7.5,73,130,27,30,16,4,72900.0
1.5,60,204,41,2,9,17,30000.0
2.7,80,156,25,2,16,6,19400.0
2.5,70,142,21,24,7,9,60000.0
3.4,40,225,28,9,0,12,48300.0
8.4,58,262,39,4,2,4,71200.0
8.1,34,83,50,2,3,5,68400.0
9.0,81,190,27,17,7,16,64800.0
4.5,65,268,10,8,6,20,18500.0
7.9,83,233,1,28,9,7,58700.0
3.9,46,186,18,23,5,0,64100.0
5.8,63,237,0,7,10,26,10000.0
6.4,0,91,9,18,17,25,10000.0
1.2,43,147,48,13,15,17,35800.0
2.5,9,164,3,1,12,14,10000.0
1.4,99,170,22,30,1,21,76500.0
1.3,15,154,42,18,10,28,28100.0
8.4,47,224,12,17,4,20,40400.0
4.6,78,217,8,17,20,10,16100.0
2.6,91,236,42,5,6,4,66000.0
3.8,76,246,8,1,2,6,29900.0
3.1,90,217,47,11,14,23,45700.0
2.7,44,143,44,30,7,0,93600.0
9.5,94,162,18,10,11,4,54200.0
4.4,2,219,34,19,12,19,28900.0
8.4,50,222,49,0,12,18,38800.0
8.4,24,217,18,2,1,14,29000.0
9.2,65,282,20,0,7,5,38900.0
6.8,72,100,3,15,20,7,13700.0
2.5,94,147,27,19,17,20,34700.0
1.5,45,174,27,10,16,14,12500.0
4.3,74,234,22,5,19,24,10000.0
4.7,13,266,46,17,7,11,59800.0
9.0,22,219,41,12,2,19,60600.0
2.7,92,159,20,18,8,7,57000.0
1.8,31,279,14,8,1,21,15900.0
6.7,0,177,1,27,15,10,14900.0
7.0,81,293,40,13,10,24,53800.0
10.0,70,280,49,19,2,4,110500.0
2.8,30,273,33,25,4,12,65100.0
2.2,24,89,16,21,8,0,43100.0
2.4,95,82,41,28,20,3,73300.0
6.7,61,132,36,22,19,15,47700.0
1.4,71,134,37,3,12,15,26600.0
9.8,91,292,36,12,17,14,52900.0
4.0,49,144,3,3,9,13,10000.0
1.5,87,123,41,30,0,22,93100.0
2.5,11,293,37,14,11,2,42300.0
8.2,24,245,26,20,13,10,43600.0
3.5,99,225,16,21,12,27,33200.0
3.9,54,291,19,22,3,22,48000.0
1.9,10,123,34,25,3,9,63300.0
9.4,26,270,4,13,17,3,13100.0
7.3,36,205,26,7,2,6,51900.0
1.0,5,297,42,29,13,28,35000.0
6.8,33,142,17,4,6,22,12500.0
3.9,78,254,9,21,13,15,30700.0
6.1,64,290,37,5,8,18,41900.0
3.0,61,143,29,12,3,21,44300.0
2.1,93,115,40,5,10,10,49600.0
8.7,67,193,10,27,9,6,64000.0
8.6,85,97,4,6,6,1,42700.0
5.4,80,151,34,16,20,1,51800.0
9.6,32,242,46,27,5,12,93300.0
7.7,9,99,19,1,15,2,10000.0
3.0,92,221,8,18,3,24,38600.0
4.5,5,240,31,29,4,12,65000.0
3.4,46,299,44,22,20,2,55600.0
6.9,79,130,23,12,6,26,40500.0
7.3,31,174,14,30,8,6,60900.0
4.0,59,116,45,18,13,25,46700.0
1.4,40,243,20,3,12,2,13300.0
8.1,64,266,24,27,1,14,83900.0
4.1,57,109,41,12,9,24,42300.0
6.1,82,122,11,11,1,9,53300.0
9.7,68,269,30,13,14,11,50300.0
4.3,9,156,30,19,13,19,24800.0
9.3,13,105,32,17,2,21,55000.0
8.8,11,97,7,7,4,9,21400.0
1.1,62,152,6,10,12,20,10000.0
5.8,26,90,34,25,9,25,47900.0
5.0,64,214,0,27,11,22,25700.0
9.7,2,80,27,20,17,25,18000.0
1.9,51,201,15,15,1,19,35600.0
8.0,15,298,47,3,3,24,42000.0
9.0,0,199,44,15,7,20,50500.0
7.6,96,87,7,12,9,6,45000.0
7.9,4,270,41,21,7,22,53500.0
4.3,14,138,10,27,18,8,19300.0
6.6,80,292,22,10,9,2,54200.0
9.0,51,148,19,8,3,3,55300.0
4.2,15,155,36,30,12,16,53900.0
4.9,10,163,9,17,3,9,32300.0
2.9,71,278,2,13,8,7,25600.0
7.1,57,294,24,14,7,15,47300.0
4.9,99,221,17,7,13,22,19000.0
1.7,28,126,9,4,9,0,10000.0
4.2,97,268,42,5,7,23,50000.0
4.0,100,252,28,17,4,26,57500.0
9.0,13,242,42,10,5,20,48900.0
7.4,74,248,30,26,17,20,52000.0
8.3,7,280,48,10,18,26,19700.0
8.3,51,90,40,25,16,24,53400.0
9.1,68,108,6,9,20,10,10000.0
7.9,49,171,4,11,11,17,12000.0
6.6,63,280,33,4,1,25,44100.0
3.0,96,290,20,23,18,4,49300.0
3.0,24,149,22,21,12,18,24700.0
5.3,98,158,45,4,19,16,37000.0
6.6,16,295,36,23,12,10,54500.0
9.3,60,189,44,6,7,21,54600.0
5.4,63,95,46,15,12,11,63200.0
7.4,17,295,48,10,13,18,38900.0
8.5,14,189,45,14,14,27,32200.0
4.5,39,163,38,17,4,5,71200.0
1.3,54,218,37,29,12,17,58300.0
2.6,99,229,25,1,17,14,13400.0
9.9,85,244,27,22,18,14,55300.0
8.1,14,235,18,13,7,9,34900.0
4.2,32,176,34,20,11,10,50000.0
6.0,31,181,43,25,17,7,60800.0
2.0,7,142,16,3,5,28,10000.0
5.2,22,293,1,4,14,16,10000.0
3.7,48,275,20,14,6,27,23800.0
4.7,98,114,19,15,10,16,44300.0
2.7,48,231,9,28,19,25,10000.0
9.6,19,293,14,29,10,21,41400.0
1.1,5,170,14,0,20,23,10000.0
9.9,25,155,39,23,8,21,63800.0
5.2,95,248,19,2,16,22,10000.0
4.8,13,157,19,15,15,0,25000.0
8.2,64,121,16,22,13,2,56600.0
6.4,12,196,40,10,1,15,54400.0
2.5,26,227,22,4,3,13,21800.0
5.5,98,139,48,16,14,11,73400.0
7.2,51,217,0,11,1,24,20200.0
6.7,10,165,15,16,8,4,35400.0
1.9,20,202,13,21,17,15,10000.0
4.4,3,254,6,0,9,28,10000.0
3.4,16,157,26,14,16,3,23600.0
8.2,28,273,8,0,8,21,10000.0
7.6,32,199,38,18,7,28,47800.0
5.5,61,80,6,11,8,13,22800.0
8.0,78,91,12,6,3,26,28400.0
6.8,26,179,31,5,10,20,19900.0
9.2,61,286,50,26,10,0,105700.0
4.3,49,162,25,19,0,20,56800.0
1.1,61,156,9,7,16,28,10000.0
7.1,90,135,36,4,17,18,31200.0
9.1,31,170,36,0,7,14,35500.0
5.7,16,164,27,14,1,0,62200.0
3.8,22,205,26,18,20,20,10000.0
3.4,63,186,20,17,16,9,30200.0
4.2,49,161,37,12,6,7,59100.0
4.2,71,296,48,30,19,7,77700.0
3.2,65,279,8,22,17,9,23900.0
9.7,89,122,28,27,17,28,52600.0
2.6,55,265,18,14,8,5,39700.0
3.0,56,274,27,9,16,28,10000.0
7.1,30,299,10,6,19,9,10000.0
7.3,6,133,25,30,12,1,61400.0
3.1,79,255,1,5,9,5,15400.0
9.4,64,229,37,27,5,22,83500.0
9.1,56,245,2,7,16,13,10000.0
9.5,69,192,12,0,7,16,21700.0
4.8,46,293,37,16,6,23,49400.0
3.4,8,163,26,28,2,1,72200.0
4.3,20,112,6,8,20,13,10000.0
5.5,63,124,43,14,8,15,62900.0
7.9,68,238,16,12,13,26,18200.0
5.2,11,212,14,23,2,2,56200.0
5.4,97,148,6,12,10,16,27900.0
3.1,66,200,13,16,13,10,27000.0
1.0,8,124,12,2,2,28,10000.0
6.1,23,231,15,16,13,28,10000.0
6.5,27,193,8,25,5,3,53600.0
6.1,28,106,2,30,4,15,44600.0
9.9,91,109,27,0,14,13,33100.0
6.1,43,105,19,25,15,23,28600.0
9.2,34,214,21,25,18,10,41100.0
1.1,71,166,37,29,7,18,72000.0
1.7,34,105,21,22,7,18,35600.0
7.3,94,188,22,5,4,28,36300.0
9.5,61,273,7,18,17,21,16300.0
2.2,67,291,44,18,6,20,63500.0
8.6,59,142,40,22,0,2,105900.0
5.4,48,136,20,2,11,3,23200.0
4.3,78,267,35,8,9,7,54000.0
4.5,68,109,44,23,11,21,64900.0
6.0,83,243,50,24,12,21,77900.0
1.1,10,193,17,17,18,17,10000.0
1.8,60,113,19,7,11,8,21100.0
2.4,58,230,49,24,7,13,80200.0
8.3,75,220,28,26,18,1,69100.0
3.3,79,218,22,14,12,18,31300.0
9.4,45,280,28,7,18,11,23800.0
8.3,73,245,21,26,1,13,83500.0
3.7,86,282,4,20,17,7,26200.0
7.7,51,119,40,25,11,10,76200.0
9.5,77,268,46,0,19,2,48100.0
9.8,42,282,42,25,0,28,83700.0
9.3,58,212,48,6,1,9,82000.0
5.6,46,131,41,26,8,13,76000.0
3.1,15,82,24,0,20,26,10000.0
4.8,84,165,2,17,14,23,11300.0
2.6,36,131,7,19,7,1,36500.0
3.9,29,197,8,8,1,6,28500.0
4.2,7,266,18,4,15,22,10000.0
5.8,92,175,5,14,5,20,35200.0
6.8,93,276,22,3,12,28,16000.0
2.5,76,174,17,21,17,27,15300.0
9.6,56,253,11,17,9,6,48500.0
3.7,38,247,46,4,16,4,34800.0
3.8,53,81,37,12,5,24,44500.0
7.8,49,186,29,28,13,13,62300.0
1.2,46,120,13,3,17,3,10000.0
7.5,45,263,30,2,11,6,33500.0
5.8,63,110,27,8,6,19,38500.0
8.2,21,227,39,15,13,22,36200.0
3.4,34,93,46,2,19,14,14000.0
3.5,76,258,11,26,10,2,57800.0
9.6,79,255,29,2,20,5,29900.0
3.0,4,275,6,5,19,18,10000.0
2.7,82,209,5,19,3,22,35500.0
6.5,62,173,40,10,4,14,64600.0
6.2,4,94,15,17,16,0,22100.0
3.2,39,177,33,8,8,9,38100.0
5.3,10,275,38,7,11,7,33100.0
3.0,79,152,48,18,2,5,95700.0
5.5,0,242,43,24,1,24,64000.0
4.9,41,191,16,16,13,15,21100.0
6.9,17,155,26,25,19,20,24400.0
2.7,16,97,4,29,15,13,14700.0
7.7,100,212,22,0,14,16,23400.0
2.9,34,238,45,13,1,10,68500.0
8.7,60,84,9,8,0,20,36400.0
7.0,27,262,17,11,1,26,27600.0
4.6,89,145,7,5,4,13,29400.0
5.3,62,228,43,13,5,5,76700.0
5.0,86,124,14,0,19,21,10000.0
7.8,8,83,10,9,5,19,12500.0
9.1,22,212,17,8,17,9,10800.0
5.7,14,185,6,9,3,15,14100.0
6.1,92,181,47,12,3,24,74800.0
1.4,54,201,49,7,7,2,62500.0
4.4,70,262,42,30,12,18,74800.0
4.9,23,247,40,4,6,7,43700.0
5.9,3,219,15,9,2,21,16200.0
9.2,97,295,9,25,16,14,48000.0
5.4,37,190,48,6,9,25,35900.0
2.6,80,200,13,0,0,20,22200.0
9.1,58,81,6,4,13,9,12600.0
5.5,49,82,32,0,1,15,40700.0
2.9,71,151,47,0,18,27,11100.0
5.6,41,275,34,27,15,14,54000.0
4.4,44,183,32,25,8,18,57500.0
1.0,82,150,12,28,0,22,58600.0
1.6,39,161,9,19,12,20,10000.0
7.0,50,170,29,24,6,18,64000.0
8.8,2,268,17,22,17,28,10000.0
6.2,0,273,36,19,5,21,45900.0
3.4,71,133,9,25,16,25,17600.0
7.3,82,252,23,26,7,3,84200.0
4.1,89,107,22,10,9,12,41900.0
3.2,76,299,50,6,2,19,65200.0
5.5,88,192,8,18,19,19,15400.0
1.4,94,287,36,2,18,1,33000.0
8.0,7,138,0,0,9,19,10000.0
4.3,45,278,46,3,3,7,59600.0
3.0,41,120,44,7,17,20,18800.0
9.9,62,137,37,7,13,8,51900.0
2.5,90,214,0,1,4,26,10000.0
8.6,53,236,5,17,12,1,38600.0
1.4,54,119,48,25,3,0,98500.0
6.3,83,299,22,8,10,11,40500.0
9.2,6,281,42,25,6,19,68700.0
4.8,24,235,10,7,5,12,15300.0
9.2,52,195,41,6,0,6,78000.0
8.7,80,200,28,23,7,25,64900.0
4.1,34,281,16,25,15,17,24900.0
4.4,97,294,14,20,2,28,49900.0
7.5,14,145,23,30,19,7,42200.0
9.7,57,136,43,21,12,20,67000.0
7.2,47,168,45,8,18,25,24500.0
2.0,33,137,6,7,6,7,11400.0
7.4,7,242,34,12,2,11,53900.0
7.2,1,118,49,0,12,2,37700.0
4.9,42,204,37,23,9,6,69900.0
1.7,65,119,31,5,8,17,28400.0
3.3,12,233,3,21,16,17,10000.0
7.6,90,267,6,1,3,24,19700.0
9.4,1,237,26,14,9,19,29100.0
2.9,79,221,26,5,20,25,10000.0
1.2,87,173,47,19,15,27,47000.0
6.3,51,208,2,3,10,25,10000.0
2.1,37,88,22,8,2,15,30300.0
8.4,90,105,4,25,19,17,30300.0
1.4,5,157,36,27,19,21,21800.0
3.4,82,245,2,9,17,18,10000.0
9.3,23,93,33,5,14,28,10000.0
2.6,64,299,44,6,12,3,50400.0
6.9,79,112,13,4,19,14,10000.0
5.4,16,179,3,27,18,10,13100.0
7.3,87,290,49,28,8,18,97700.0
3.8,52,136,10,9,10,4,22700.0
4.8,90,90,5,2,6,5,27600.0
4.5,38,169,9,16,0,8,45400.0
1.8,97,158,26,25,3,0,90200.0
2.4,26,239,36,12,0,1,65600.0
4.4,91,186,32,25,4,23,74600.0
6.9,4,202,26,17,6,6,48500.0
1.7,18,127,30,23,6,7,54300.0
5.7,75,140,3,19,4,15,42400.0
9.0,2,194,33,9,8,6,43100.0
1.9,19,140,18,28,12,21,24500.0
2.8,21,198,34,1,17,11,10000.0
8.0,96,184,30,19,15,28,45300.0
3.9,41,293,20,5,10,22,10000.0
2.3,86,162,50,1,9,8,55900.0
7.4,52,94,16,8,0,24,34400.0
1.4,81,200,20,5,14,17,10000.0
1.3,64,165,18,26,10,21,37800.0
5.3,37,257,50,0,16,11,28700.0
6.7,81,93,4,7,12,10,18200.0
6.3,2,199,23,17,18,23,10000.0
8.3,18,218,10,5,5,9,20500.0
4.2,72,221,44,3,13,8,44500.0
8.3,5,193,25,0,12,22,10000.0
9.3,36,128,42,7,18,4,41900.0
5.6,5,116,8,6,2,3,22700.0
3.3,7,201,39,9,9,4,39200.0
10.0,43,110,11,23,7,27,37400.0
3.1,18,127,45,22,6,23,54600.0
6.5,28,227,21,11,10,17,21900.0
9.8,30,247,7,23,14,5,37100.0
3.6,23,93,48,23,1,8,86600.0
1.6,89,152,48,13,15,26,41400.0
9.8,5,113,48,5,17,8,34600.0
4.6,17,290,43,1,13,16,16800.0
4.1,31,262,31,9,20,15,10000.0
2.8,12,248,27,24,17,26,12200.0
5.1,91,97,13,17,4,6,62000.0
1.1,21,143,46,21,18,26,24000.0
9.9,75,101,45,8,9,9,72300.0
6.8,28,208,22,18,19,25,10000.0
9.7,73,106,40,10,13,12,58300.0
6.1,13,143,29,19,12,0,49600.0
6.1,66,108,33,8,9,26,33000.0
3.6,72,80,44,28,4,5,101800.0
2.2,2,145,49,25,3,3,82500.0
8.2,78,298,1,3,13,20,10000.0
7.9,44,94,44,13,10,10,62500.0
3.6,48,163,2,13,5,2,31100.0
9.8,66,262,30,20,15,14,55400.0
5.2,13,268,34,26,18,28,23300.0
9.9,50,249,7,29,1,1,82300.0
4.9,69,167,7,10,14,17,10000.0
2.3,96,297,22,12,15,9,34400.0
3.8,68,237,44,12,16,13,45000.0
8.7,29,219,36,5,13,11,32600.0
8.0,37,291,43,24,11,6,78100.0
2.8,79,224,49,10,10,2,71300.0
5.2,82,217,37,21,7,7,82500.0
8.0,69,217,38,28,0,22,94700.0
1.2,20,130,3,21,8,20,10000.0
1.0,34,273,44,24,15,2,60200.0
3.2,41,249,19,8,6,28,10000.0
2.4,33,172,14,8,20,11,10000.0
7.9,51,151,42,30,18,23,59100.0
4.5,66,181,48,21,9,0,90300.0
1.2,53,190,21,8,14,21,10000.0
6.3,2,145,20,10,20,15,10000.0
9.1,87,235,10,22,14,6,53300.0
7.4,47,156,8,18,11,16,25900.0
9.2,15,113,15,26,18,6,34900.0
5.8,45,175,17,5,7,4,31600.0
8.1,16,239,1,15,14,8,10000.0
5.1,69,120,2,0,7,14,10000.0
7.7,61,240,2,13,4,8,39200.0
6.1,79,291,41,15,13,18,55400.0
9.6,93,265,40,23,13,0,95600.0
7.5,92,190,5,24,20,27,16600.0
8.6,99,103,29,5,18,5,42400.0
1.8,30,131,37,15,6,9,51100.0
5.1,51,152,47,22,10,23,62500.0
3.3,18,230,38,0,17,9,10000.0
2.1,69,255,16,8,14,25,10000.0
6.3,53,166,24,10,13,27,14500.0
2.1,91,174,23,7,4,26,31000.0
7.6,26,217,28,0,19,28,10000.0
8.5,19,152,0,18,16,26,10000.0
3.0,24,102,10,18,8,14,20200.0
5.3,10,265,9,28,12,28,12600.0
4.9,18,81,1,12,4,3,23200.0
5.0,14,166,37,25,3,4,78700.0
4.6,54,280,2,15,14,4,17900.0
3.9,39,155,19,6,14,1,18500.0
3.7,75,186,28,15,5,2,68400.0
3.4,7,257,10,19,2,15,28400.0
3.6,88,123,17,14,3,26,39600.0
2.3,53,192,5,22,6,5,41500.0
5.6,70,204,20,23,17,25,27700.0
7.4,78,218,7,21,9,26,32700.0
8.2,68,242,31,27,8,6,86300.0
2.4,31,299,7,25,7,3,41600.0
9.7,80,240,2,9,16,20,10000.0
2.9,9,200,5,13,3,19,10000.0
8.5,20,139,34,24,6,11,70000.0
3.0,26,263,44,6,8,1,49800.0
2.4,71,283,1,7,12,18,10000.0
4.6,97,118,17,27,8,14,65800.0
1.1,64,122,35,30,7,22,65400.0
5.5,93,225,37,9,17,9,46400.0
1.7,32,133,26,12,14,21,10000.0
3.3,41,190,1,8,19,25,10000.0
7.4,7,206,33,15,8,7,49400.0
7.7,75,104,28,5,6,6,55400.0
1.6,95,129,43,29,5,22,86200.0
8.6,87,101,24,9,10,2,58800.0
7.3,33,81,19,23,13,25,27000.0
1.0,70,100,22,1,3,1,39500.0
8.8,79,207,12,24,15,27,32300.0
7.1,17,212,8,7,7,27,10000.0
9.7,38,277,35,29,11,3,84300.0
4.5,9,207,46,11,8,9,49200.0
8.9,9,233,31,17,6,9,56000.0
5.2,40,250,33,30,14,26,46400.0
2.1,40,279,29,13,13,18,20700.0
6.5,97,238,18,14,11,5,54100.0
9.5,35,173,7,12,3,19,29500.0
3.9,40,145,18,30,6,11,59800.0
9.3,32,275,7,11,7,7,30700.0
4.0,98,221,35,12,8,13,61400.0
5.4,52,274,1,0,4,15,10000.0
6.7,38,106,34,1,18,5,19300.0
7.0,31,241,21,8,12,20,12300.0
3.1,91,185,34,11,1,24,58000.0
7.8,70,162,3,11,12,7,25100.0
4.0,33,271,29,17,17,24,14400.0
2.8,48,144,16,26,8,6,53000.0
9.4,89,211,27,11,3,21,62000.0
7.3,96,269,9,6,14,10,23400.0
2.0,69,119,0,12,15,9,10000.0
2.0,33,91,14,8,5,3,26900.0
7.9,42,161,11,0,19,19,10000.0
5.0,21,145,42,9,13,2,43800.0
1.2,12,203,48,26,7,27,52000.0
4.2,3,98,46,18,16,0,50300.0
2.9,50,171,14,9,3,14,28300.0
1.9,60,93,45,17,16,7,53300.0
8.0,1,172,31,23,3,21,54800.0
2.4,49,259,6,5,10,2,11000.0
7.8,63,288,23,13,2,28,45000.0
8.9,29,145,13,14,15,22,10000.0
5.4,78,204,8,29,16,0,53700.0
2.7,59,182,3,24,12,26,12100.0
1.9,11,215,15,26,13,16,19100.0
1.5,87,219,16,11,6,3,46600.0
4.0,28,208,27,21,7,14,46900.0
4.6,11,181,47,25,11,1,74000.0
1.9,11,137,47,20,14,6,50100.0
6.3,55,195,44,29,7,28,74600.0
4.7,32,265,17,1,5,5,22500.0
4.6,26,144,2,7,7,4,11500.0
7.3,100,92,2,21,0,5,73100.0
7.1,45,267,44,20,6,22,67700.0
1.7,96,120,42,3,6,21,45700.0
5.2,6,194,46,18,3,1,78200.0
1.8,39,279,17,17,10,10,27800.0
8.2,47,153,16,12,2,11,49500.0
5.6,27,189,2,22,3,8,40300.0
3.0,3,205,37,14,0,21,43900.0
3.7,33,196,35,1,6,18,23800.0
4.3,79,293,12,10,20,16,10000.0
8.7,59,199,49,2,11,1,64100.0
5.7,13,170,49,4,1,16,52300.0
1.1,19,144,27,10,10,20,10000.0
4.6,50,297,32,12,15,1,43200.0
7.9,14,295,23,12,15,6,25000.0
3.6,71,211,1,15,9,23,11000.0
6.7,52,292,46,22,19,13,57000.0
7.2,75,119,50,14,13,2,79900.0
2.9,94,194,5,11,12,26,10000.0
8.2,93,276,14,30,5,26,67300.0
2.3,99,186,31,20,19,9,48300.0
7.4,86,278,35,24,17,2,75600.0
3.8,54,193,29,4,5,21,27800.0
2.2,10,171,26,7,6,6,25900.0
5.0,79,168,6,1,17,1,10000.0
6.9,89,94,20,6,3,13,50500.0
8.9,1,192,26,23,4,13,57600.0
8.4,41,281,20,8,19,13,10100.0
8.4,8,232,37,21,9,21,48700.0
5.7,35,245,45,15,15,14,45400.0
5.3,25,198,31,1,13,4,20600.0
9.6,4,100,48,17,12,19,50900.0
9.2,72,144,14,2,18,28,10000.0
6.4,83,229,4,15,5,20,34200.0
6.1,37,286,17,10,14,8,19300.0
3.4,67,282,45,6,9,5,57900.0
7.5,23,251,20,10,6,2,42900.0
6.5,85,257,31,1,2,18,49000.0
2.1,84,256,34,20,6,21,60400.0
3.5,6,232,10,30,3,26,31800.0
4.5,10,165,48,11,4,12,56500.0
7.4,75,185,0,23,17,10,27800.0
9.1,44,248,24,17,9,5,57900.0
1.7,95,182,32,6,17,22,16900.0
7.6,87,125,22,3,13,1,40800.0
4.2,80,94,4,18,3,22,35400.0
7.7,6,242,5,11,6,28,10000.0
6.3,16,288,26,6,18,22,10000.0
8.5,61,216,33,5,0,11,64800.0
6.7,14,159,43,3,7,24,27100.0
5.2,48,230,45,15,1,18,72300.0
3.5,39,113,7,26,0,25,39700.0
4.1,48,101,47,19,4,11,79100.0
4.0,92,215,29,9,8,15,47100.0
5.0,73,116,39,17,9,5,73400.0
2.0,71,112,44,11,9,8,59800.0
2.4,40,233,5,15,16,1,11300.0
7.4,63,143,2,6,4,13,23700.0
1.3,77,227,34,6,3,10,52700.0
7.0,91,239,13,27,18,7,51800.0
3.5,64,183,37,16,5,16,61200.0
6.1,96,101,45,10,15,4,67000.0
9.9,27,184,15,8,11,25,10000.0
7.2,97,262,2,22,2,9,65500.0
7.1,66,102,20,3,7,23,21500.0
5.9,81,109,15,15,18,7,30600.0
8.6,80,93,22,26,18,11,55200.0
4.9,87,103,32,3,1,22,48400.0
5.3,71,88,35,28,13,9,73900.0
8.5,98,278,37,29,4,23,95900.0
4.5,94,151,44,24,7,26,77200.0
2.5,72,251,31,14,5,2,66600.0
3.4,69,258,40,8,19,11,30500.0
9.2,58,169,19,21,5,10,66300.0
9.0,78,256,29,19,15,9,59900.0
5.5,74,221,32,4,16,27,12200.0
6.6,3,178,11,8,10,20,10000.0
9.8,31,86,20,4,20,8,10000.0
8.5,39,89,5,26,16,16,24700.0
9.2,51,191,46,27,1,22,96200.0
5.6,26,129,34,2,1,20,34000.0
8.1,85,245,17,17,20,1,43200.0
3.5,30,87,43,19,12,13,50500.0
7.7,19,236,32,28,16,26,37100.0
4.6,64,193,14,18,17,17,18400.0
3.9,24,117,7,23,10,6,30500.0
2.1,32,263,30,28,14,18,39800.0
5.7,89,128,48,0,8,25,45100.0
4.8,1,293,36,13,6,24,29400.0
3.6,96,118,0,20,13,18,22000.0
8.8,34,111,8,24,0,7,64800.0
5.3,28,198,44,14,4,21,55000.0
3.2,80,113,37,29,8,7,87900.0
1.2,82,288,32,15,16,27,22500.0
4.2,97,257,34,2,1,20,52500.0
8.1,1,208,49,4,14,23,20500.0
2.1,63,144,13,22,8,6,47100.0
1.7,48,131,25,30,10,14,53800.0
1.7,65,266,14,17,10,0,42400.0
2.4,19,135,27,19,12,17,25000.0
9.4,67,92,31,7,4,23,49400.0
6.8,82,225,33,29,7,21,79700.0
8.8,63,270,50,9,10,20,60000.0
3.4,58,109,16,9,20,25,10000.0
7.1,92,183,23,24,12,2,74800.0
9.2,90,272,40,3,3,0,83900.0
8.0,51,162,48,16,19,17,48300.0
1.4,42,225,30,9,10,4,34900.0
9.9,44,97,26,9,0,3,69500.0
5.0,98,170,36,15,0,22,75900.0
3.3,99,262,50,20,10,2,94300.0
3.7,29,235,25,14,12,26,12100.0
7.4,48,161,21,15,5,10,52700.0
3.5,95,242,43,10,14,2,63500.0
4.0,74,142,6,26,3,11,58200.0
9.6,40,234,39,14,20,14,37200.0
4.1,99,134,34,3,19,21,17400.0
7.3,55,138,3,11,19,17,10000.0
4.4,97,262,32,10,13,24,34900.0
5.4,70,258,4,27,5,26,40300.0
8.7,61,136,17,10,8,19,32700.0
4.8,77,121,8,18,4,0,59700.0
5.5,21,209,26,15,0,7,58800.0
4.7,65,300,8,0,7,11,11900.0
7.0,78,275,21,14,10,5,54400.0
5.2,29,179,28,25,11,20,42600.0
4.8,87,291,34,22,3,27,69700.0
9.6,66,272,0,28,13,0,55000.0
8.0,48,259,32,23,10,16,60900.0
8.2,84,126,45,13,14,11,67100.0
5.8,81,293,30,7,10,28,28400.0
4.3,51,197,45,4,7,10,50900.0
6.6,13,98,35,15,14,10,36600.0
9.0,0,254,45,8,16,23,20000.0
1.9,97,86,41,5,4,20,53400.0
3.1,57,133,46,28,13,15,70300.0
7.5,37,176,46,1,14,4,41600.0
6.6,86,106,7,18,12,16,33000.0
3.7,38,121,3,17,13,13,10000.0
6.9,86,246,44,10,17,14,50600.0
7.4,24,206,13,21,4,17,41500.0
1.6,47,101,33,10,5,17,38300.0
1.4,71,183,18,17,5,17,40600.0
7.1,73,281,14,20,18,18,26100.0
6.0,68,284,6,25,14,6,41900.0
2.4,69,125,5,12,10,18,10500.0
8.9,36,255,40,0,0,2,66600.0
3.4,53,222,15,11,15,15,10000.0
9.5,15,244,47,18,20,2,55500.0
4.3,34,97,2,25,12,3,31300.0
9.1,5,297,30,2,17,18,10000.0
7.5,66,173,22,11,12,0,49300.0
2.1,58,95,5,8,3,1,31600.0
1.5,17,114,36,11,3,15,39600.0
3.5,88,100,42,23,7,27,68900.0
5.8,21,94,26,0,19,11,10000.0
6.4,2,300,27,5,15,28,10000.0
9.2,11,241,3,19,17,9,10200.0
9.8,85,141,19,27,14,12,64600.0
3.2,30,208,10,23,9,3,38900.0
8.1,92,190,47,13,0,24,86300.0
2.3,75,127,30,25,5,18,66600.0
4.0,52,251,40,8,14,3,44600.0
4.6,1,169,24,24,6,19,38500.0
5.9,33,224,24,10,6,17,31700.0
4.1,91,253,16,15,10,4,50000.0
9.9,89,274,9,6,2,25,35500.0
4.1,16,190,18,7,10,13,10000.0
3.8,11,106,10,28,14,28,10000.0
2.3,70,92,2,1,11,11,10000.0
1.7,25,128,11,14,7,1,27900.0
3.5,98,158,20,24,15,9,53400.0
8.5,76,280,7,14,5,12,45800.0
5.3,90,267,23,12,20,12,26600.0
7.0,58,166,5,15,5,27,21900.0
2.8,9,258,0,26,9,6,23300.0
1.5,67,227,24,1,15,1,17600.0
1.4,18,299,1,26,18,3,10000.0
3.1,65,137,20,15,9,20,30200.0
2.9,26,127,30,6,20,6,10000.0
4.3,41,105,33,21,10,22,43400.0
8.3,88,164,26,19,0,0,97500.0
7.1,7,164,7,18,1,15,33300.0
4.1,75,99,46,20,14,4,74700.0
3.7,77,125,37,10,3,12,64500.0
7.9,30,82,3,8,0,15,24800.0
8.4,28,165,43,29,4,7,96700.0
9.1,34,89,16,28,13,13,47400.0
7.9,96,242,17,13,2,25,52100.0
8.1,12,201,10,4,19,2,10000.0
1.4,27,209,2,0,8,4,10000.0
2.8,8,225,3,20,4,16,17000.0
4.9,86,240,14,26,1,12,74600.0
9.5,70,290,47,30,18,17,79000.0
9.4,59,135,29,0,3,15,44500.0
7.3,36,228,22,0,17,11,10000.0
9.4,11,217,44,12,9,23,43100.0
3.4,95,296,2,28,3,17,56300.0
6.4,35,274,21,29,6,28,47800.0
9.1,71,265,25,21,20,5,51000.0
3.2,0,105,49,13,2,24,46900.0
4.2,40,225,46,10,18,2,43400.0
4.0,49,91,40,27,1,20,81200.0
3.1,83,251,0,17,20,11,10000.0
6.6,3,144,9,2,4,11,10000.0
4.9,42,201,21,20,14,20,25400.0
8.8,54,262,28,2,4,10,46800.0
4.1,79,293,14,29,13,16,47400.0
7.3,82,222,25,6,9,3,52200.0
1.6,12,184,10,5,9,22,10000.0
1.8,82,276,19,26,7,21,51200.0
2.0,87,275,32,15,3,19,59600.0
1.4,90,152,12,30,12,2,60800.0
5.7,42,142,9,5,9,18,10000.0
8.3,13,269,11,16,10,19,16500.0
1.5,6,271,7,4,8,20,10000.0
3.6,77,88,20,11,14,1,37800.0
7.7,80,140,30,25,4,15,83900.0
7.8,90,151,34,11,9,12,63100.0
5.8,39,100,39,0,9,25,19300.0
3.3,80,249,35,4,13,20,25600.0
7.1,85,202,49,16,20,16,56700.0
6.7,72,200,45,27,9,6,96500.0
9.9,3,233,6,13,13,21,10000.0
8.1,64,199,11,0,18,23,10000.0
1.1,44,105,7,6,4,21,10000.0
6.9,1,129,42,5,10,13,30600.0
2.1,35,201,29,15,6,13,41200.0
7.8,39,155,43,25,16,11,64800.0
4.7,65,175,7,20,20,19,10000.0
6.5,4,98,9,3,16,3,10000.0
9.7,55,107,33,14,1,15,72900.0
5.5,66,125,43,2,7,5,57800.0
1.5,50,130,49,20,8,0,81000.0
6.9,27,240,0,4,18,18,10000.0
2.8,89,136,14,10,7,18,29300.0
8.4,95,226,35,4,10,16,50300.0
5.3,31,164,38,26,4,1,87900.0
2.4,16,239,19,24,9,22,24600.0
4.1,47,245,50,30,1,3,112300.0
9.6,12,158,22,21,12,23,29300.0
3.7,68,218,15,17,17,10,24300.0
7.6,41,126,32,23,1,5,87000.0
5.2,8,95,34,1,11,11,15300.0
1.7,13,108,44,0,0,27,24300.0
4.8,75,171,0,16,19,14,10000.0
8.4,13,265,36,13,19,22,16200.0
4.1,24,157,11,13,12,15,10000.0
4.6,15,178,10,0,1,13,10000.0
1.4,78,289,19,16,7,8,47200.0
6.0,4,286,27,21,10,28,23700.0
8.3,34,169,38,11,6,15,54300.0
6.5,94,214,46,21,1,0,116700.0
7.3,32,170,1,28,18,5,26200.0
1.9,22,118,8,1,13,8,10000.0
8.6,31,84,49,30,15,0,90500.0
3.5,60,265,23,2,14,22,10000.0
9.7,28,298,22,29,17,26,33300.0
7.3,59,227,43,21,17,17,55800.0
1.2,54,128,2,2,10,17,10000.0
9.6,50,93,47,15,7,25,64700.0
4.1,25,97,42,9,11,10,39200.0
1.9,24,216,9,14,5,5,26000.0
5.7,78,184,45,21,8,25,70300.0
4.9,18,190,33,18,1,21,52200.0
2.5,86,273,32,30,0,23,84800.0
5.3,65,159,9,12,1,0,55100.0
1.7,48,203,0,21,15,4,15300.0
8.9,83,136,24,4,3,27,39700.0
4.6,90,161,21,0,6,10,35200.0
3.6,27,252,6,16,12,18,10000.0
2.8,64,109,40,11,20,19,22300.0
1.6,76,120,45,21,5,12,80500.0
3.9,92,223,43,7,1,24,62900.0
9.1,41,216,16,8,9,12,28500.0
5.3,2,271,47,6,10,14,33200.0
7.0,14,178,23,20,10,26,25200.0
8.6,46,115,14,21,7,24,38500.0
3.1,21,278,24,1,5,2,26000.0
5.1,10,269,10,7,8,16,10000.0
8.7,8,200,41,3,20,20,10000.0
7.5,29,220,28,5,19,5,16200.0
5.6,11,287,19,14,10,21,13500.0
6.7,72,130,22,22,20,7,43000.0
7.9,44,169,2,17,9,22,16500.0
5.0,36,282,4,21,18,12,10000.0
3.6,33,132,35,22,10,19,46100.0
3.5,18,256,20,15,3,27,21900.0
9.1,65,221,14,7,19,5,19200.0
5.6,0,108,12,16,9,10,19200.0
8.2,48,275,4,24,4,21,41800.0
7.7,95,114,40,14,15,7,67900.0
9.7,53,140,32,13,14,24,34800.0
7.1,80,299,37,17,13,26,48700.0
5.6,7,194,33,9,14,10,21800.0
3.3,12,99,41,22,12,15,45200.0
3.9,78,300,2,18,12,7,29200.0
7.4,95,112,30,13,7,15,63800.0
6.6,13,80,12,2,12,24,10000.0
3.4,65,173,50,14,8,2,79300.0
9.1,22,84,34,5,2,7,55300.0
5.8,14,238,4,4,20,5,10000.0
7.6,38,165,11,10,8,20,16600.0
2.7,85,109,19,19,1,9,67400.0
1.8,78,210,11,25,15,15,30500.0
5.3,25,253,48,4,19,7,27100.0
8.3,12,254,48,28,0,2,108200.0
5.5,79,252,12,25,17,26,24200.0
9.7,11,240,41,21,6,27,56200.0
9.7,43,223,23,19,8,7,60800.0
6.2,32,285,10,1,13,17,10000.0
2.5,85,170,47,30,8,6,100500.0
8.7,100,125,42,7,5,26,63900.0
2.6,29,141,33,2,15,11,10000.0
1.1,24,217,35,26,18,19,28400.0
8.0,61,81,40,21,12,8,73800.0
1.4,34,226,1,6,19,2,10000.0
9.0,18,180,18,21,13,7,39900.0
8.5,28,132,38,22,18,24,36400.0
1.6,58,268,40,28,7,19,69600.0
3.6,75,192,30,4,9,23,24700.0
5.6,63,119,10,18,0,23,44100.0
5.7,18,165,11,4,9,26,10000.0
6.9,85,243,42,18,15,1,77300.0
5.3,55,205,26,7,6,15,36600.0
5.6,56,274,22,1,13,16,10000.0
3.1,57,160,3,7,10,14,10000.0
5.8,22,165,2,3,15,7,10000.0
3.7,21,97,4,11,14,7,10000.0
3.1,55,227,0,5,20,18,10000.0
6.9,23,137,6,10,14,5,10000.0
8.6,9,165,37,3,7,8,39400.0
8.8,3,88,20,21,4,2,60000.0
5.7,43,229,14,27,11,17,39800.0
6.5,0,211,41,28,3,5,85000.0
4.7,79,163,15,23,4,16,58600.0
2.0,31,286,13,5,9,10,10000.0
7.6,42,271,10,19,20,28,10000.0
1.4,49,287,34,30,16,25,39500.0
4.4,22,179,6,1,9,2,10000.0
8.7,55,165,28,15,5,11,63400.0
1.6,25,171,28,9,3,22,24200.0
7.8,84,193,2,22,9,21,36800.0
9.8,84,279,30,26,3,21,86800.0
1.7,73,276,42,0,16,24,11300.0
8.5,74,240,47,23,1,11,107700.0
4.6,67,288,30,23,7,15,64800.0
9.5,53,264,44,27,6,24,83400.0
5.6,99,126,11,22,17,5,45900.0
3.6,3,82,34,25,19,17,24600.0
3.6,80,201,38,9,14,0,54700.0
5.9,31,93,32,3,10,5,32600.0
7.7,13,154,33,27,8,5,71800.0
1.5,55,85,33,25,3,9,75000.0
3.5,89,146,10,29,14,13,46200.0
9.3,20,236,24,15,1,27,42100.0
1.7,20,293,17,20,13,27,10000.0
7.8,75,237,5,0,19,1,10000.0
6.6,38,283,26,15,18,18,19100.0
7.3,72,145,43,24,9,20,77200.0
3.0,33,268,23,11,13,12,17400.0
4.1,41,296,11,18,4,27,23500.0
8.4,20,225,47,29,11,21,70300.0
9.1,36,117,38,21,19,4,56500.0
6.5,100,84,19,10,14,13,36000.0
5.7,28,145,48,8,11,3,54800.0
2.2,68,224,45,13,15,28,31300.0
1.5,62,237,32,2,16,1,23600.0
3.2,14,168,20,18,6,26,19600.0
8.3,99,212,42,22,0,22,99300.0
2.3,47,121,50,19,5,7,80200.0
6.9,73,114,32,4,7,4,55700.0
2.3,85,192,20,29,3,26,61600.0
8.8,75,180,35,12,8,10,67100.0
2.3,58,183,37,7,18,2,31500.0
9.8,99,228,34,5,12,7,59800.0
2.9,35,219,33,4,15,15,10300.0
1.9,30,151,24,2,19,12,10000.0
4.6,15,246,5,9,14,22,10000.0
8.0,51,177,18,19,13,5,46800.0
1.6,91,235,6,13,20,20,10000.0
8.0,6,200,37,4,2,10,46800.0
6.7,81,272,25,14,17,5,44700.0
5.7,96,244,39,7,17,7,48700.0
8.6,79,237,39,14,1,11,87900.0
6.0,35,252,3,28,14,22,17500.0
5.6,70,240,11,17,18,11,21700.0
1.3,51,136,34,5,3,15,38400.0
8.9,23,162,17,13,18,13,12200.0
8.2,25,208,47,26,19,19,52900.0
1.3,27,139,18,26,4,17,42700.0
5.3,54,142,3,13,18,22,10000.0
5.5,87,94,29,23,17,28,38600.0
5.0,48,106,47,30,14,15,73400.0
1.3,47,114,16,16,5,26,20700.0
8.1,40,269,18,10,7,21,26200.0
8.1,2,257,24,22,10,11,42800.0
2.1,76,197,3,4,15,1,10000.0
3.4,84,122,6,2,4,20,13000.0
2.1,59,275,22,9,16,21,10000.0
1.4,20,198,27,26,5,3,61800.0
4.7,36,232,42,26,4,19,74200.0
3.6,52,284,48,25,7,21,73300.0
7.4,84,197,24,23,0,14,84500.0
1.0,22,257,32,12,5,19,29600.0
3.7,79,241,15,30,11,18,51100.0
5.2,97,268,42,6,15,20,40500.0
7.0,19,226,46,4,20,9,22700.0
2.5,61,211,18,28,7,7,62300.0
8.3,24,194,21,1,14,1,17300.0
3.9,72,82,19,0,6,22,14400.0
3.6,26,246,38,24,9,8,63000.0
8.1,34,287,9,27,6,3,60900.0
5.7,4,180,36,15,3,13,52100.0
8.7,58,174,49,16,18,16,55800.0
5.3,35,279,35,3,8,12,32600.0
5.2,94,126,48,23,18,26,59100.0
3.8,40,257,20,11,0,4,52100.0
6.0,93,236,16,18,12,18,40900.0
8.5,52,149,49,8,12,2,67600.0
2.7,39,228,28,2,8,20,12100.0
8.9,88,140,2,19,5,1,63700.0
5.8,87,92,18,11,7,20,38200.0
9.8,39,285,21,11,10,5,43800.0
2.3,66,159,42,6,15,1,44400.0
4.5,50,285,34,22,6,9,70000.0
6.8,18,162,36,16,13,20,33000.0
9.6,50,91,10,16,19,9,21200.0
8.1,66,271,44,15,5,0,92500.0
9.6,34,230,30,14,15,23,27400.0
4.4,91,92,13,9,3,4,52600.0
1.2,5,186,1,17,9,24,10000.0
1.6,56,140,26,7,5,16,30500.0
3.5,53,188,42,25,20,6,56400.0
3.4,3,171,43,13,5,12,48200.0
2.6,27,251,27,26,2,13,62300.0
1.3,38,249,46,25,15,28,39500.0
5.9,70,296,33,10,10,7,53800.0
2.2,67,152,13,9,20,1,10000.0
1.9,59,121,27,5,5,19,27000.0
2.4,97,154,5,4,3,3,35900.0
4.6,31,153,44,25,20,10,50000.0
8.5,87,91,17,6,14,2,39100.0
8.5,20,186,37,6,2,4,61000.0
4.4,23,89,50,10,10,26,34700.0
6.7,42,217,20,30,18,2,53000.0
3.3,8,289,10,5,15,2,10000.0
9.7,11,175,46,24,18,16,52700.0
2.1,62,214,28,10,11,20,23800.0
8.0,41,202,11,30,0,2,82300.0
3.2,85,192,39,1,18,17,19400.0
8.1,13,281,18,7,1,0,46600.0
6.7,82,248,50,28,20,20,70000.0
7.2,85,196,37,21,9,28,62400.0
9.8,66,260,33,16,13,14,56400.0
4.9,29,137,34,27,12,3,66000.0
7.2,50,271,2,29,5,19,45900.0
5.9,7,91,35,17,16,4,38400.0
2.4,36,159,39,28,7,4,78600.0
9.9,66,220,11,15,18,19,18100.0
1.9,74,171,8,19,14,4,30500.0
1.9,4,171,7,23,2,1,41500.0
5.8,69,160,24,17,1,17,62800.0
2.2,6,235,2,17,16,17,10000.0
5.0,53,160,48,10,4,21,59900.0
5.8,3,116,24,6,17,8,10000.0
5.5,37,85,8,30,1,19,54100.0
5.1,32,96,20,24,12,23,28800.0
4.7,30,191,38,30,12,27,50400.0
2.7,8,87,28,22,5,16,42800.0
6.5,7,124,22,10,18,9,10000.0
6.2,41,293,9,12,13,15,10700.0
5.8,67,197,46,15,11,11,67200.0
4.9,54,239,20,4,10,15,17000.0
5.7,33,262,43,4,0,11,59300.0
6.1,5,218,5,7,4,19,10000.0
2.0,72,156,42,18,15,2,62600.0
6.0,62,80,48,18,15,10,65600.0
2.8,48,248,37,2,15,26,10000.0
8.8,2,173,41,8,9,0,53200.0
9.9,64,151,41,5,14,16,43500.0
2.9,0,83,3,10,16,28,10000.0
3.7,4,162,3,23,11,6,18100.0
6.6,15,143,5,12,8,2,22700.0
8.4,11,218,11,4,3,8,23100.0
3.7,69,172,30,13,1,19,56600.0
4.7,53,132,21,20,3,27,43300.0
2.9,82,213,2,29,5,5,60900.0
3.1,19,248,10,8,6,4,17900.0
8.6,84,193,22,30,6,21,76400.0
9.8,1,213,21,11,17,4,19400.0
7.3,35,268,23,25,9,2,65600.0
2.8,37,117,12,9,0,0,42200.0
1.9,48,232,43,30,0,26,80200.0
9.4,84,173,3,13,13,25,15500.0
8.4,20,152,2,17,8,26,10000.0
1.5,61,106,32,14,7,8,52300.0
8.0,85,100,38,13,15,9,60000.0
3.3,41,136,19,4,2,25,14900.0
6.6,89,255,23,7,2,24,45400.0
1.7,98,172,48,9,9,19,57300.0
7.8,37,153,0,21,18,20,10000.0
6.4,67,107,12,20,14,8,38900.0
6.3,39,288,48,0,16,28,12300.0
2.7,35,119,3,22,5,13,28900.0
9.2,82,168,21,16,7,3,71000.0
6.9,54,195,17,29,20,22,28500.0
9.4,55,90,48,21,7,21,79800.0
6.5,26,132,5,8,14,28,10000.0
5.6,51,110,13,12,10,24,13500.0
5.0,49,297,4,27,3,6,57200.0
8.4,17,132,10,29,11,6,47400.0
7.4,77,80,14,16,19,21,16900.0
5.6,35,277,33,29,2,16,78200.0
1.1,88,98,4,24,9,27,23600.0
6.0,41,146,16,28,20,14,28300.0
8.1,97,152,48,21,18,27,61800.0
5.5,29,86,12,26,6,9,49700.0
4.0,59,283,30,21,0,27,60200.0
6.1,84,214,2,11,8,27,12900.0
3.7,1,235,17,15,7,23,10200.0
6.5,0,264,9,20,8,13,23000.0
1.5,34,226,37,18,8,16,45200.0
1.1,79,287,25,21,8,28,38400.0
3.8,73,298,21,16,0,21,53500.0
7.8,15,115,5,24,2,26,31100.0
9.6,53,127,33,28,13,4,80100.0
4.8,84,183,11,22,13,11,41800.0
7.1,13,98,3,30,9,18,30100.0
8.4,20,262,10,25,2,11,55300.0
8.2,37,115,49,5,4,28,48000.0
1.1,55,278,33,30,4,25,63700.0
5.7,27,212,41,12,1,25,51500.0
9.2,89,153,30,1,11,0,54600.0
9.0,34,249,39,13,9,19,49700.0
6.8,11,286,32,17,0,18,56400.0
1.8,42,106,13,2,15,17,10000.0
7.2,33,118,5,14,9,4,28300.0
3.5,47,292,39,15,0,11,71600.0
6.8,47,235,37,26,18,13,54700.0
8.5,72,163,50,4,19,24,32600.0
7.7,9,197,47,20,15,18,47100.0
3.3,100,171,14,30,12,28,43600.0
4.6,31,170,26,22,12,13,40500.0
1.7,19,259,12,4,0,11,16100.0
4.4,66,89,35,29,1,27,78100.0
9.4,46,266,42,18,10,23,58600.0
8.7,57,212,23,4,10,3,40500.0
2.7,2,137,16,5,17,12,10000.0
3.4,4,274,31,23,15,9,34500.0
9.6,50,298,38,19,3,8,86700.0
5.9,62,182,7,0,14,9,10000.0
7.4,67,291,8,13,4,3,51400.0
3.1,91,173,3,14,13,8,23500.0
8.6,76,255,46,23,13,17,77500.0
6.0,32,200,15,17,19,22,10000.0
7.2,82,185,19,14,16,8,39000.0
7.4,68,262,22,3,6,25,24700.0
5.9,38,91,17,24,6,18,46200.0
2.6,34,202,18,10,8,17,15400.0
7.8,2,204,47,4,14,6,35200.0
8.6,55,83,20,30,16,14,52700.0
3.8,16,260,36,23,15,24,28900.0
4.4,26,194,8,25,16,25,10000.0
5.7,79,261,39,12,12,25,43100.0
1.2,55,261,31,6,16,4,22900.0
6.4,64,163,26,9,2,24,43500.0
7.9,69,202,47,20,14,9,76500.0
9.5,3,97,17,13,18,15,10000.0
2.7,17,83,22,21,3,0,58000.0
2.0,21,270,19,29,0,22,50800.0
6.5,34,180,3,25,10,17,26700.0
5.8,8,293,25,20,15,22,17000.0
3.5,64,199,36,22,4,23,64200.0
3.6,65,119,22,16,5,10,52700.0
4.1,14,84,9,19,8,10,23900.0
3.8,99,136,6,25,12,16,40800.0
1.3,88,171,33,27,15,19,53500.0
1.2,89,109,3,30,15,12,35100.0
5.8,18,238,32,27,17,9,46500.0
9.2,1,238,5,9,0,10,27200.0
9.2,60,190,16,13,3,24,41900.0
3.3,51,84,34,15,18,10,32400.0
3.2,45,205,40,7,20,4,26400.0
3.5,51,266,44,5,18,15,22800.0
2.1,58,127,47,6,20,16,21600.0
1.1,98,287,7,25,13,26,24100.0
7.2,20,107,41,0,12,15,22400.0
8.3,3,299,35,2,11,2,31500.0
3.7,3,108,14,10,0,6,31300.0
5.5,54,268,29,24,16,6,54200.0
1.1,95,232,42,9,8,20,50200.0
4.7,29,200,24,20,1,18,52100.0
5.1,77,99,23,2,19,27,10000.0
4.2,94,206,41,16,6,8,81600.0
4.6,70,122,24,20,2,12,68200.0
6.6,99,143,40,0,3,0,76900.0
5.5,67,278,25,5,10,23,20600.0
8.9,43,262,33,4,9,16,35700.0
9.2,49,148,26,10,14,15,31100.0
2.9,36,165,44,25,20,25,33100.0
5.5,78,293,1,7,6,25,10000.0
5.5,11,135,18,3,8,9,11800.0
6.6,93,128,32,17,3,24,68600.0
2.4,70,189,13,28,16,4,44800.0
7.4,20,125,19,23,5,15,49300.0
1.9,2,175,21,7,7,0,21900.0
4.4,58,80,40,28,8,21,71200.0
9.3,61,289,13,25,10,23,44400.0
9.2,91,284,40,3,1,26,62200.0
3.0,13,165,3,3,1,15,10000.0
4.2,71,201,48,19,6,18,76200.0
3.5,76,284,47,4,19,4,40800.0
6.5,12,298,36,0,12,19,10000.0
4.9,24,116,29,17,16,10,29500.0
3.6,71,88,44,30,15,22,65500.0
5.3,87,288,28,23,13,5,68200.0
1.8,0,248,22,23,9,18,24100.0
9.9,39,88,10,13,11,12,27000.0
1.0,57,87,20,4,6,0,33100.0
6.3,99,275,25,24,2,24,75300.0
5.2,45,239,27,22,13,25,32900.0
1.7,16,238,48,3,10,14,26700.0
6.0,13,156,28,10,13,28,10000.0
4.9,53,208,15,15,10,12,31200.0
1.8,19,121,17,29,1,18,49800.0
9.1,57,259,31,19,13,8,60800.0
2.6,49,218,14,13,17,24,10000.0
2.6,61,225,19,13,14,7,27000.0
6.7,7,256,28,10,13,22,10500.0
6.0,75,165,15,16,6,26,35500.0
6.6,1,146,47,28,11,8,72500.0
8.9,92,113,46,17,1,0,114900.0
6.7,5,167,28,4,9,27,10000.0
2.0,47,251,42,11,17,27,15600.0
1.2,44,233,21,8,4,11,29600.0
6.1,32,132,42,19,10,22,50300.0
5.6,61,237,40,20,3,21,72500.0
3.9,42,106,42,16,4,25,53400.0
2.7,52,127,9,7,11,7,11500.0
6.2,62,90,17,30,6,26,55000.0
2.1,50,232,10,28,14,24,19200.0
9.9,19,185,12,24,20,12,21500.0
6.2,26,181,30,1,1,25,24700.0
2.4,59,171,10,3,16,6,10000.0
9.9,18,225,17,22,12,6,45200.0
9.2,60,234,39,17,12,22,54900.0
4.8,55,134,41,11,19,6,39600.0
3.1,13,224,49,11,2,1,70600.0
2.9,31,278,6,18,20,27,10000.0
3.1,68,236,22,1,18,9,10000.0
3.7,42,95,2,17,12,14,10000.0
1.9,63,167,33,10,15,2,38700.0
2.8,70,208,2,29,17,10,28100.0
6.6,64,80,27,28,13,4,71400.0
9.4,63,218,27,15,11,0,65200.0
8.5,95,207,50,13,4,20,87000.0
4.7,8,156,18,15,17,25,10000.0
4.5,2,272,4,8,9,6,10000.0
1.9,67,271,7,6,19,2,10000.0
5.7,65,146,27,18,11,6,56900.0
4.2,55,125,21,26,4,23,53900.0
2.1,55,252,49,0,19,9,22700.0
4.5,11,106,37,16,20,25,10000.0
1.1,44,238,22,22,2,2,64400.0
3.5,59,174,45,28,15,21,60700.0
8.5,21,205,18,14,19,22,10000.0
5.5,95,192,29,6,10,27,30500.0
4.3,13,105,3,16,19,0,10000.0
2.8,75,134,40,8,3,28,46100.0
8.5,42,274,0,7,17,13,10000.0
5.2,55,240,10,9,14,7,15400.0
1.2,86,151,5,0,6,9,12200.0
5.9,68,285,2,29,10,0,57700.0
2.5,33,91,40,17,20,10,30400.0
9.9,55,270,23,8,0,24,47300.0
5.2,78,86,37,30,12,0,91800.0
4.3,54,98,14,22,17,11,26800.0
5.7,22,237,1,17,16,15,10000.0
5.6,32,191,6,9,10,28,10000.0
1.4,12,106,17,15,3,28,11900.0
9.5,75,81,29,25,15,7,71000.0
3.8,34,141,37,12,4,23,41800.0
4.5,37,138,13,27,9,12,43600.0
4.1,96,213,5,18,6,28,29000.0
7.3,39,234,27,24,4,3,78300.0
5.8,28,241,35,24,16,27,32000.0
4.1,94,158,49,24,15,13,78400.0
3.2,65,204,19,28,18,27,23900.0
7.4,75,168,30,8,17,5,40300.0
7.3,56,162,8,15,0,24,37900.0
9.8,44,86,25,17,2,23,56300.0
9.7,62,106,32,18,20,5,52000.0
3.9,14,123,6,4,6,16,10000.0
4.8,54,90,4,21,20,25,10000.0
4.0,71,182,36,14,5,22,54300.0
6.6,2,146,43,8,16,17,19800.0
9.6,96,158,40,6,20,25,32000.0
7.3,86,280,34,28,3,6,104400.0
1.4,96,130,36,18,12,19,51600.0
7.6,43,179,4,16,4,1,47100.0
5.9,45,253,43,24,20,22,42300.0
8.8,93,185,18,21,19,15,42000.0
3.9,69,297,11,16,15,18,15500.0
2.0,62,266,3,1,17,18,10000.0
5.8,99,93,13,23,7,23,51800.0
8.7,17,134,41,13,6,11,60000.0
8.2,10,100,43,25,10,20,59900.0
5.6,23,143,20,17,7,16,33600.0
8.7,91,100,30,16,10,17,61700.0
3.2,84,218,9,3,8,24,10000.0
3.0,76,249,18,29,14,5,57300.0
3.0,82,261,47,21,17,3,72100.0
8.3,96,177,11,5,20,9,14900.0
4.8,87,98,23,0,1,9,47700.0
10.0,7,181,39,19,3,17,66600.0
1.2,31,80,3,12,8,18,10000.0
3.7,94,178,8,1,20,6,10000.0
2.5,8,133,42,25,7,11,61900.0
9.9,25,109,48,15,17,13,50800.0
8.7,65,202,38,1,6,0,64400.0
9.2,99,152,17,11,2,27,50600.0
8.3,100,237,18,19,5,8,75100.0
4.7,18,279,37,30,11,4,70800.0
8.7,65,164,26,7,7,11,48400.0
1.1,22,268,28,8,4,23,17800.0
3.5,54,232,18,13,4,16,36700.0
8.2,10,234,40,28,16,13,56400.0
8.6,14,143,46,6,13,16,34400.0
4.4,35,154,44,5,8,18,36800.0
3.3,61,176,19,18,18,5,29900.0
9.2,19,211,41,10,4,19,53100.0
4.1,36,300,38,14,15,7,41000.0
7.8,75,181,50,19,9,9,89600.0
8.3,50,136,11,3,4,10,29100.0
1.3,74,97,19,18,18,12,22800.0
8.6,94,275,7,14,11,8,43400.0
2.1,68,122,43,6,0,10,66600.0
4.9,18,298,6,24,2,22,31200.0
4.8,98,262,11,9,6,7,44500.0
7.7,71,183,36,0,17,8,30700.0
1.9,75,93,20,6,3,8,41300.0
4.6,92,246,14,29,4,0,86300.0
4.6,99,95,49,26,19,18,70900.0
7.1,51,193,34,12,1,15,64500.0
6.8,49,300,19,28,2,9,76300.0
9.6,97,105,18,8,16,20,26300.0
8.9,43,260,28,2,1,20,39700.0
4.7,1,285,33,21,14,27,19200.0
9.8,51,136,19,5,4,20,33400.0
6.2,61,277,9,9,18,1,16200.0
9.0,91,276,9,20,12,23,37300.0
9.4,92,146,18,2,9,20,29400.0
7.3,62,263,45,23,6,28,72700.0
9.0,79,135,30,22,14,7,69700.0
6.8,78,203,49,7,0,27,69500.0
3.5,73,257,33,27,9,12,72400.0
4.4,23,152,39,19,3,24,53200.0
1.0,6,239,21,21,3,3,47300.0
5.8,66,251,32,1,11,11,31900.0
9.0,100,236,42,27,20,3,87500.0
6.6,71,111,8,21,16,11,31000.0
5.0,2,194,45,3,14,12,20100.0
3.1,91,153,29,5,3,2,62000.0
7.2,33,156,6,12,14,18,10000.0
1.1,64,131,21,3,2,27,15900.0
1.1,52,129,30,19,16,18,26300.0
5.3,81,172,37,12,0,14,75900.0
4.5,24,269,41,7,14,16,23700.0
8.6,31,288,36,15,6,22,51000.0
2.9,79,182,24,25,18,26,29000.0
6.5,83,245,42,20,1,28,79900.0
9.1,72,243,27,18,2,22,67800.0
1.6,92,151,46,21,4,13,87300.0
4.3,22,280,1,20,0,15,31200.0
6.9,56,299,13,7,0,19,35100.0
4.8,58,274,36,1,3,28,30500.0
6.6,38,227,19,2,4,20,18600.0
2.7,21,204,40,23,15,8,48200.0
2.5,22,213,28,14,2,0,56600.0
4.2,7,239,22,4,17,14,10000.0
4.0,16,83,29,7,5,13,29300.0
2.8,25,142,38,11,1,22,43600.0
3.6,46,206,24,16,10,15,34000.0
9.0,68,179,31,4,15,24,21400.0
8.6,92,125,24,24,17,8,62800.0
2.3,72,149,25,6,16,14,14200.0
6.0,41,282,41,20,9,18,59300.0
5.9,30,173,22,17,1,10,56300.0
6.8,30,115,22,15,10,13,34100.0
7.9,66,94,40,0,8,25,34600.0
3.7,74,268,3,1,6,27,10000.0
7.5,42,188,11,0,5,5,23600.0
6.0,75,229,28,7,10,19,34000.0
5.3,87,101,29,17,17,2,55200.0
2.3,31,111,6,10,17,17,10000.0
2.2,7,148,9,11,7,10,10000.0
2.8,97,106,49,23,9,7,93200.0
6.9,92,161,5,29,7,24,51900.0
8.1,19,217,48,26,12,25,59900.0
6.2,35,94,46,20,15,27,41900.0
2.3,67,266,25,14,7,10,46700.0
3.0,22,274,14,30,17,12,25600.0
9.4,63,93,43,29,8,6,102200.0
5.0,67,173,32,10,2,11,62100.0
6.2,40,101,36,26,15,19,50400.0
9.3,96,183,30,13,12,17,55900.0
8.4,44,272,3,22,17,28,10000.0
4.5,11,251,4,11,18,14,10000.0
4.1,95,107,49,2,1,24,62700.0
9.7,51,137,49,26,2,20,98700.0
5.9,96,145,38,2,13,12,43600.0
8.7,27,157,50,13,17,18,43000.0
7.4,12,265,45,21,2,4,86900.0
4.4,62,167,32,3,15,19,14900.0
2.7,31,163,33,2,1,18,30700.0
9.9,46,266,28,9,3,11,58100.0
1.0,45,228,49,3,6,5,52000.0
6.4,17,87,36,23,3,26,56400.0
7.8,43,226,14,6,1,6,43500.0
4.8,33,255,12,20,8,6,39500.0
1.4,54,106,27,16,15,8,32000.0
1.8,67,287,18,25,19,16,25200.0
7.0,14,277,13,24,9,5,44200.0
3.2,37,213,29,27,18,28,23000.0
5.4,66,214,26,19,16,3,50100.0
9.0,22,178,17,26,18,0,44600.0
4.1,56,276,16,13,4,23,29500.0
4.6,95,294,42,0,19,20,21700.0
3.1,99,154,45,27,18,21,64400.0
4.1,95,111,40,13,14,23,45200.0
1.5,29,152,1,29,11,27,10000.0
2.2,14,251,47,24,12,1,66600.0
6.1,97,199,20,22,15,10,54300.0
7.5,65,225,35,1,4,13,50000.0
8.1,5,281,31,10,13,6,31700.0
3.2,59,164,47,22,19,3,63100.0
1.3,31,269,44,7,3,18,42400.0
2.1,52,102,42,10,16,24,20800.0
6.7,18,200,8,15,5,16,23300.0
6.4,22,244,46,25,11,6,74900.0
1.1,52,178,21,27,14,13,38300.0
2.4,49,83,50,14,3,19,65500.0
5.7,96,80,46,25,14,20,75700.0
3.1,42,187,3,29,13,2,37300.0
9.2,16,173,18,13,2,0,56700.0
1.3,97,194,28,16,18,25,22700.0
10.0,60,133,32,18,16,21,44000.0
5.7,8,273,33,18,0,23,50800.0
4.1,62,241,39,6,19,10,26800.0
4.4,40,139,14,30,4,26,45800.0
4.6,50,173,33,25,12,15,55700.0
9.8,66,279,11,0,11,16,12400.0
4.6,52,111,8,6,4,12,21800.0
7.9,45,190,31,14,7,8,59300.0
1.3,37,148,7,6,17,4,10000.0
7.8,58,229,10,20,17,24,15000.0
5.7,83,173,20,26,11,27,46300.0
1.6,93,112,29,26,0,0,99100.0
9.6,17,82,39,27,4,27,68800.0
1.7,16,296,46,27,10,6,68700.0
8.4,17,287,11,3,8,23,10000.0
5.1,51,287,24,7,5,21,29000.0
4.7,27,134,14,24,16,25,10500.0
8.4,8,108,11,13,8,23,10700.0
7.5,10,189,17,30,5,20,50000.0
4.2,52,159,21,13,5,22,32500.0
7.8,27,225,49,8,19,21,25700.0
3.4,0,97,35,15,16,28,10000.0
9.4,25,261,41,3,18,13,22800.0
4.5,1,102,19,21,15,16,13800.0
4.6,37,130,11,10,10,27,10000.0
3.5,54,252,36,14,17,17,29200.0
8.7,53,300,32,15,0,9,78800.0
5.2,72,139,24,12,11,15,37000.0
4.2,67,171,45,6,5,14,58500.0
2.8,54,148,37,27,9,19,62300.0
2.5,44,96,47,15,14,20,39700.0
9.1,31,263,43,25,7,12,82000.0
4.7,99,103,45,12,14,28,46100.0
5.8,39,268,16,22,11,25,25300.0
1.2,62,170,31,25,13,6,57500.0
4.9,42,101,14,28,13,24,28400.0
4.5,96,192,48,2,6,5,71800.0
5.6,78,218,23,19,18,7,43100.0
5.3,21,160,32,25,15,1,55400.0
4.2,97,291,26,27,6,28,64000.0
10.0,10,130,34,0,20,13,10000.0
1.8,66,252,25,2,12,8,19400.0
5.4,17,184,14,6,17,21,10000.0
6.4,70,153,4,21,20,1,28300.0
9.7,42,226,16,26,3,22,59000.0
9.2,1,202,6,0,8,23,10000.0
1.1,96,259,6,13,2,21,31500.0
1.1,26,260,39,22,20,12,30000.0
5.9,68,111,26,1,6,0,47700.0
8.4,79,164,46,3,3,7,78000.0
3.1,16,81,25,25,11,20,31500.0
4.0,77,293,43,26,18,7,70100.0
9.8,39,176,29,28,20,8,54300.0
4.3,9,107,43,4,11,7,31300.0
2.2,27,82,29,20,1,24,45500.0
2.3,61,141,32,12,10,17,35900.0
10.0,64,284,29,22,7,21,66200.0
2.9,32,277,13,30,15,21,22400.0
7.5,87,117,45,23,13,14,80600.0
7.3,71,102,0,6,11,24,10000.0
9.3,17,109,6,27,16,5,33200.0
8.1,47,232,3,21,13,15,23800.0
3.2,88,110,8,30,16,26,27800.0
6.7,22,125,43,30,6,27,69000.0
8.9,46,252,5,16,18,19,10000.0
2.9,22,127,33,3,6,2,35900.0
2.7,62,167,27,3,13,13,16500.0
4.8,95,193,0,4,7,13,17100.0
7.3,94,219,19,11,9,9,51300.0
3.7,84,218,21,29,2,19,74100.0
9.6,7,192,16,29,2,28,48800.0
6.3,19,147,17,1,8,26,10000.0
5.8,72,175,41,18,15,16,55200.0
2.1,46,149,43,27,6,19,70500.0
1.3,92,240,10,10,5,27,18200.0
1.4,10,203,19,24,13,26,10000.0
7.4,76,280,26,22,15,17,49600.0
3.9,54,164,18,0,20,16,10000.0
1.7,51,279,31,9,12,13,26200.0
2.1,89,216,32,19,10,27,44400.0
5.1,22,102,28,29,13,9,53300.0
2.4,53,194,4,2,18,10,10000.0
1.9,27,251,48,27,19,15,47400.0
2.4,83,177,42,19,11,2,76200.0
8.1,34,201,39,12,16,25,26400.0
5.2,58,116,19,21,5,7,61300.0
8.3,7,268,16,21,18,9,21200.0
2.2,31,193,13,11,14,17,10000.0
3.1,76,169,14,11,2,2,53500.0
5.2,10,269,48,13,14,19,33900.0
8.7,56,160,20,17,19,22,19700.0
8.7,58,101,49,17,18,0,73300.0
7.5,89,289,10,3,15,3,23200.0
4.8,55,220,43,23,5,9,84600.0
7.2,6,157,50,13,20,28,17700.0
2.7,10,209,10,27,2,4,50900.0
7.0,40,130,22,28,15,15,45000.0
1.6,95,210,44,30,20,19,61700.0
2.7,7,142,26,12,16,13,10000.0
8.6,95,286,29,2,17,17,26700.0
6.9,20,205,36,28,1,18,77800.0
1.6,87,167,21,21,8,24,41800.0
4.6,1,180,31,10,0,3,52500.0
9.0,30,194,26,18,0,9,71000.0
7.1,40,165,22,28,7,14,62200.0
7.8,93,117,48,1,20,13,40000.0
8.6,93,181,42,13,18,6,64600.0
5.8,49,128,37,29,7,0,92800.0
3.7,76,112,15,9,18,20,10000.0
7.5,3,280,50,11,1,23,57400.0
2.4,99,186,33,15,14,15,47000.0
5.3,19,293,7,8,13,16,10000.0
9.5,68,187,35,14,19,0,57400.0
9.4,56,264,41,29,15,21,69100.0
6.3,8,85,41,9,8,19,34500.0
5.7,52,154,6,0,1,5,26000.0
7.9,74,116,6,11,19,6,16500.0
2.6,6,201,34,20,1,27,42000.0
2.0,25,265,42,23,9,15,55000.0
4.9,40,256,43,16,16,23,33800.0
1.7,23,225,18,28,18,4,30300.0
5.1,57,193,12,21,17,25,11800.0
5.9,73,183,31,18,0,23,68700.0
5.3,1,256,27,12,13,20,10000.0
7.0,44,216,48,30,13,7,87200.0
9.3,40,294,16,28,19,28,22600.0
10.0,68,294,8,24,6,8,64400.0
3.5,50,86,45,18,18,0,58000.0
3.0,52,189,18,28,9,7,56600.0
8.6,93,168,13,1,2,21,34600.0
2.6,42,288,31,21,18,7,37300.0
9.0,43,275,50,27,2,12,105400.0
5.2,8,144,11,11,1,3,35300.0
1.5,9,227,0,12,14,10,10000.0
2.8,41,254,10,0,9,1,10000.0
3.6,34,205,18,30,9,27,35400.0
8.2,26,119,45,0,9,21,30200.0
8.9,79,294,15,22,5,10,69500.0
3.4,96,232,12,18,12,2,48600.0
4.4,27,161,30,28,14,24,36900.0
6.4,37,224,10,4,19,20,10000.0
4.6,46,274,22,8,17,5,18000.0
2.5,47,108,19,26,9,17,42100.0
9.8,94,111,16,22,11,24,50800.0
1.9,85,253,46,23,1,1,106800.0
8.3,63,223,28,22,20,13,43500.0
2.1,94,193,7,20,12,6,39400.0
4.3,52,273,29,13,17,14,24700.0
5.4,53,140,4,26,17,1,34700.0
9.1,43,89,23,6,17,5,24100.0
2.4,80,184,24,15,11,0,53300.0
9.1,94,216,41,2,11,13,55400.0
9.8,96,209,42,7,9,25,57900.0
4.7,5,189,46,11,19,12,23400.0
6.9,72,89,47,12,16,10,58400.0
5.9,84,223,29,25,8,23,64500.0
9.4,18,255,38,17,12,15,48700.0
9.2,38,110,5,17,16,11,17300.0
9.1,42,219,4,0,3,0,28800.0
3.6,23,131,11,4,13,6,10000.0
6.4,52,137,42,0,14,15,27400.0
1.5,86,105,48,18,15,14,59800.0
7.9,36,114,24,1,19,1,13100.0
3.4,92,247,12,3,0,1,49900.0
7.5,91,142,16,20,20,20,28300.0
4.5,62,98,31,13,16,24,22100.0
4.7,24,202,9,13,10,21,10000.0
2.8,50,184,40,27,4,28,65100.0
8.2,17,268,38,0,5,14,35500.0
2.7,97,278,33,28,12,23,62500.0
7.0,98,240,22,23,15,0,69900.0
9.1,24,201,32,25,3,15,73900.0
2.7,96,164,15,9,4,11,43700.0
6.7,4,246,9,23,13,23,10000.0
1.6,96,242,0,14,5,6,37000.0
2.5,11,187,27,19,0,14,49800.0
2.6,94,271,11,29,16,13,42900.0
3.9,30,149,21,5,7,15,16300.0
6.4,30,201,6,13,20,14,10000.0
6.0,57,205,39,21,14,6,65600.0
9.0,29,249,19,14,19,17,11700.0
4.1,90,104,21,6,4,21,36200.0
1.8,84,240,37,17,9,18,55300.0
6.9,76,280,34,21,14,1,73100.0
7.4,18,214,28,4,1,11,41200.0
2.6,74,223,50,6,2,15,67400.0
9.5,49,160,6,10,8,9,29700.0
1.8,62,195,0,17,15,14,10000.0
2.3,62,129,29,21,9,19,46700.0
7.0,21,299,27,1,4,11,29800.0
5.5,49,113,31,16,7,13,53700.0
6.4,42,264,32,7,10,2,45900.0
1.8,92,187,47,21,0,4,105700.0
9.1,54,267,38,3,7,8,54900.0
4.3,8,108,49,10,3,14,55000.0
4.8,85,153,45,19,1,20,86600.0
5.7,29,135,4,5,11,2,10000.0
4.7,17,91,43,2,8,5,39500.0
3.9,9,139,14,30,5,27,32500.0
3.4,32,284,33,18,13,24,26400.0
3.7,69,232,37,19,12,0,69600.0
1.5,31,206,19,2,2,2,28300.0
8.0,64,276,4,27,13,13,40700.0
7.8,64,257,12,23,13,12,43300.0
7.8,79,132,13,3,12,14,18800.0
5.5,53,161,9,30,6,8,60900.0
8.5,80,86,40,13,14,15,57500.0
4.3,39,289,50,24,17,20,52300.0
6.0,71,225,22,24,6,5,74300.0
2.6,65,98,19,10,7,20,24700.0
2.3,49,298,25,12,17,19,10000.0
5.7,56,90,23,3,13,6,23700.0
3.5,28,143,1,10,15,10,10000.0
6.3,83,223,19,25,9,11,65000.0
3.1,12,230,36,22,9,18,42800.0
7.8,93,106,6,10,12,0,40500.0
7.2,5,149,27,15,11,7,36400.0
9.8,95,135,16,29,1,3,102600.0
4.6,22,253,25,24,10,23,33800.0
1.4,61,106,14,0,19,24,10000.0
6.6,30,296,21,25,20,25,15700.0
4.1,77,300,15,11,18,0,26800.0
9.9,100,266,2,27,19,20,34300.0
3.5,76,196,43,17,20,25,33300.0
8.8,75,100,28,5,20,7,28600.0
8.0,75,127,17,21,3,16,65000.0
9.3,92,92,10,7,19,20,10000.0
2.3,46,228,32,23,11,16,46900.0
2.0,33,115,16,24,10,1,44900.0
7.4,59,271,36,11,13,5,54000.0
6.5,12,254,29,10,14,18,14600.0
9.8,80,268,14,11,5,23,41100.0
2.3,86,281,17,8,7,10,35400.0
8.8,0,94,12,18,1,26,28600.0
6.4,19,194,12,21,8,6,40000.0
8.1,44,208,27,11,19,4,30900.0
5.2,72,84,47,30,13,3,95000.0
4.6,70,112,5,7,11,14,10000.0
1.4,30,288,8,20,9,22,10000.0
1.2,20,96,40,19,9,18,40900.0
8.9,20,279,8,25,19,7,24300.0
2.3,24,157,6,23,14,20,10000.0
5.4,38,111,9,2,8,6,12200.0
8.3,26,192,46,8,16,13,37400.0
8.3,8,193,23,19,10,14,36500.0
3.5,58,199,8,9,6,12,21900.0
5.3,29,214,4,0,20,17,10000.0
6.5,58,105,37,27,8,16,75900.0
1.2,73,116,30,17,11,20,37800.0
7.1,91,103,26,14,9,1,69500.0
6.1,57,187,48,20,6,10,85300.0
1.1,42,160,34,2,5,15,26800.0
2.6,26,198,39,5,5,3,46500.0
5.7,29,89,50,30,5,17,88100.0
9.6,53,183,34,11,4,27,50600.0
4.2,34,281,2,23,4,11,36100.0
2.2,71,137,20,30,7,22,54700.0
1.4,65,166,38,28,8,4,82300.0
7.7,47,242,35,14,3,20,59500.0
2.1,75,194,46,16,14,9,59700.0
6.3,92,149,48,9,9,27,56700.0
6.6,35,181,11,11,11,6,23200.0
9.4,20,106,33,11,0,2,72300.0
3.4,33,260,24,17,6,15,39200.0
2.7,17,175,25,22,5,11,47500.0
9.9,44,162,15,25,3,16,63500.0
4.8,20,83,11,14,1,19,26600.0
2.9,18,143,21,29,15,7,38700.0
8.5,66,281,39,30,11,4,94800.0
3.4,8,168,49,20,7,13,61200.0
8.7,19,136,45,14,11,5,62100.0
2.4,64,268,34,19,17,22,30500.0
5.4,9,300,8,15,16,24,10000.0
7.0,54,238,36,9,12,28,27700.0
9.7,57,253,38,15,19,20,39000.0
1.6,82,117,9,2,3,6,27800.0
4.9,41,264,7,28,6,6,53100.0
5.8,59,275,1,3,3,14,14800.0
1.9,47,234,13,11,1,4,41400.0
8.2,51,231,31,6,15,19,22700.0
2.9,61,133,13,16,18,23,10000.0
2.0,38,218,40,26,8,3,75400.0
5.9,52,223,39,5,2,20,49900.0
1.1,13,165,5,14,1,25,10000.0
4.3,25,151,37,19,16,3,46600.0
4.7,60,188,45,12,18,3,51400.0
9.3,29,205,46,16,20,25,32300.0
7.4,75,141,28,19,16,7,54800.0
9.1,59,83,13,15,14,0,43400.0
6.9,3,152,2,19,9,12,15200.0
1.4,52,80,20,9,4,17,26900.0
2.0,61,185,37,7,15,8,31800.0
6.1,62,105,12,0,5,4,28800.0
3.4,61,292,26,14,16,23,17100.0
3.7,26,268,21,17,16,25,10000.0
5.1,19,233,7,15,10,18,10000.0
5.0,25,99,40,30,14,3,71500.0
8.0,67,180,41,16,18,25,40100.0
9.4,69,99,36,29,3,11,102000.0
7.1,79,96,5,21,8,8,50400.0
6.9,58,212,14,30,13,8,56200.0
6.6,77,160,15,1,5,12,30800.0
4.4,59,159,20,0,12,23,10000.0
8.0,15,297,33,11,12,21,25000.0
9.9,77,240,47,29,8,8,109400.0
4.4,24,86,19,6,13,1,17000.0
3.4,81,216,32,18,7,10,66100.0
4.2,22,144,46,14,16,0,50000.0
9.6,16,197,38,20,4,4,80000.0
1.6,84,186,41,0,16,17,20400.0
6.0,35,97,18,18,18,25,10000.0
5.7,71,92,3,27,13,24,26200.0
5.5,77,91,28,29,8,24,65600.0
7.9,23,160,23,20,12,8,43700.0
6.9,5,226,28,23,12,18,35800.0
4.4,54,279,22,25,6,25,47500.0
10.0,24,110,7,26,4,13,52200.0
3.3,24,203,10,13,12,13,10000.0
8.9,73,91,27,1,11,6,40200.0
3.9,85,197,25,3,4,5,49800.0
4.9,17,105,1,18,1,13,27900.0
7.8,92,117,0,18,2,14,52200.0
8.1,61,298,25,25,3,23,68000.0
9.1,36,130,8,18,8,23,25000.0
7.0,11,119,12,20,0,20,39300.0
8.5,22,242,28,2,11,2,30600.0
1.4,68,275,48,24,4,17,82200.0
3.2,99,91,45,3,6,5,68600.0
2.5,96,189,21,14,3,16,53800.0
1.9,98,83,45,23,17,6,72700.0
6.4,89,163,31,20,1,28,70500.0
5.7,37,160,16,26,13,4,47500.0
1.9,5,293,10,29,7,21,23800.0
8.4,45,138,2,14,6,14,27300.0
2.9,79,289,46,2,8,16,46500.0
8.0,32,218,47,18,0,5,94600.0
8.8,73,296,19,1,14,2,30000.0
2.3,2,281,23,12,16,24,10000.0
2.5,87,146,26,28,12,2,73100.0
7.7,7,243,30,13,12,19,24000.0
3.7,39,251,11,23,8,1,47600.0
2.1,56,279,41,6,3,17,48000.0
4.2,94,238,6,1,7,12,18100.0
1.8,92,265,28,2,10,15,27200.0
5.9,79,129,15,14,9,27,26500.0
7.6,89,105,39,29,2,11,109400.0
6.0,56,144,6,7,15,15,10000.0
9.1,57,186,21,16,5,0,70300.0
9.8,88,222,28,26,6,25,76000.0
8.0,2,295,3,27,13,5,29100.0
3.4,48,291,35,26,18,17,42200.0
8.4,84,190,35,27,16,20,65500.0
7.5,47,239,39,4,3,25,43100.0
8.5,74,299,1,2,14,24,10000.0
2.0,55,253,19,3,2,7,33000.0
7.1,44,188,42,1,16,16,22900.0
2.6,19,108,42,6,17,25,10000.0
9.6,58,220,9,7,10,2,34100.0
5.7,5,147,16,30,2,28,41900.0
3.8,44,256,29,11,0,23,43300.0
7.2,69,207,45,2,12,0,59100.0
8.5,39,127,29,26,5,0,86700.0
7.0,5,264,40,6,19,10,16500.0
1.1,49,222,16,5,5,7,23400.0
3.6,71,238,11,10,10,5,29500.0
8.0,50,235,3,17,2,4,51500.0
2.2,45,252,22,22,13,18,28900.0
4.2,13,250,44,0,15,1,25300.0
1.4,17,171,37,27,12,5,56400.0
8.6,48,152,31,9,5,18,48100.0
3.8,93,207,21,20,3,22,58500.0
2.6,55,257,39,2,11,12,29700.0
5.8,91,143,23,9,4,4,63400.0
7.7,43,109,3,11,2,17,26800.0
9.3,99,183,30,22,17,1,76300.0
9.6,89,162,26,0,15,11,30900.0
2.2,41,88,25,10,16,18,10000.0
4.2,25,171,13,18,5,25,20900.0
8.0,93,230,48,27,8,28,88400.0
4.9,59,125,13,30,1,8,75500.0
7.9,57,262,13,23,2,5,71400.0
5.0,83,230,11,3,8,9,25400.0
6.0,43,81,29,28,14,26,41900.0
9.9,3,131,33,1,13,26,10000.0
6.8,9,99,29,2,7,24,10300.0
2.4,42,83,25,10,9,28,11400.0
7.0,4,121,37,16,1,5,69200.0
3.3,93,256,47,30,12,24,78500.0
2.4,63,93,16,14,20,25,10000.0
7.2,87,272,49,12,17,16,57500.0
8.0,51,149,37,6,13,7,44300.0
4.3,39,235,12,29,3,20,49800.0
5.9,75,208,28,12,5,26,44300.0
7.1,39,96,16,28,16,9,42900.0
8.6,9,202,45,7,6,27,36400.0
1.8,71,248,23,6,1,3,51900.0
4.0,88,93,40,30,19,4,77400.0
3.1,8,251,21,28,13,0,45600.0
3.4,71,81,48,27,3,7,103600.0
4.3,65,199,2,19,18,19,10000.0
5.4,52,184,25,25,11,11,55900.0
9.5,98,178,29,3,7,27,40900.0
1.5,100,138,47,19,12,9,75500.0
2.3,33,165,32,26,0,6,79500.0
6.0,26,211,41,27,17,24,43300.0
4.4,26,117,4,28,16,4,26600.0
2.9,78,143,33,20,9,26,48200.0
2.5,20,192,50,18,3,22,60000.0
7.9,20,174,30,7,8,11,35300.0
7.1,85,157,13,17,15,26,22200.0
1.3,18,110,37,15,14,26,13500.0
5.8,34,155,44,0,10,13,32800.0
3.9,36,96,44,7,10,15,38100.0
2.6,54,152,38,28,15,13,58400.0
8.0,98,120,18,9,5,24,42900.0
6.9,85,113,44,25,13,11,83800.0
1.2,6,130,1,13,7,3,10000.0
7.8,99,154,31,19,20,2,62800.0
1.7,25,248,7,8,10,27,10000.0
4.9,83,128,17,1,12,1,28200.0
7.5,95,271,3,9,2,15,41000.0
7.5,71,108,27,21,15,6,58800.0
4.9,7,102,13,12,9,4,20900.0
9.8,11,81,13,5,7,9,20400.0
5.1,78,91,10,0,5,28,10000.0
7.2,64,157,1,1,16,13,10000.0
8.2,77,265,1,25,17,6,38000.0
9.4,42,148,22,27,15,28,35900.0
5.1,53,234,30,28,17,28,36100.0
2.3,48,288,50,19,17,12,51500.0
8.1,92,243,3,6,0,20,35800.0
2.4,87,235,23,18,18,6,38900.0
4.4,47,112,24,21,7,25,39400.0
9.7,28,119,28,27,14,3,65300.0
3.3,26,156,31,20,4,24,43400.0
7.9,92,90,42,16,20,11,58400.0
2.1,18,144,23,30,12,21,32600.0
2.5,2,255,42,16,16,7,32600.0
4.0,57,147,23,8,8,23,21100.0
8.2,79,233,25,5,4,22,42600.0
3.9,72,139,26,19,19,18,27900.0
2.7,21,114,25,12,5,21,23700.0
8.4,13,268,15,14,15,7,19700.0
4.1,97,284,36,30,15,19,69300.0
9.5,12,150,1,1,2,8,13100.0
9.1,46,144,47,30,11,14,88000.0
2.1,66,243,20,29,5,27,50500.0
6.6,7,249,46,27,9,4,79800.0
9.6,40,83,13,8,19,16,10000.0
8.7,74,149,7,19,1,8,65100.0
6.4,42,166,8,19,8,25,20900.0
4.6,48,251,11,19,0,6,57100.0
7.5,94,121,15,25,7,21,60700.0
7.6,57,201,10,26,1,2,77300.0
5.4,33,242,22,18,3,5,58700.0
7.5,46,284,38,24,13,28,48800.0
3.2,16,136,1,19,18,2,10000.0
1.8,53,262,38,12,7,15,46500.0
8.8,41,83,21,6,5,5,44900.0
2.9,38,113,48,28,18,2,69200.0
4.9,44,222,37,25,6,16,69500.0
4.5,78,181,31,13,4,24,50900.0
8.0,56,209,47,4,8,7,62800.0
8.4,82,150,40,2,20,5,39400.0
2.2,95,245,30,26,7,28,59900.0
3.4,60,270,46,13,16,7,51300.0
6.5,16,154,38,24,13,3,62800.0
4.0,89,211,44,19,4,18,81200.0
2.3,70,155,18,27,12,2,58100.0
6.2,45,95,6,3,3,16,14400.0
6.0,67,233,16,29,4,12,71600.0
2.1,0,161,14,21,9,13,18700.0
1.8,88,245,32,25,6,13,74500.0
5.1,76,298,8,4,4,16,23000.0
4.2,49,219,25,23,14,12,42600.0
4.2,61,129,15,18,10,10,38700.0
9.7,25,88,35,25,8,3,80400.0
9.2,80,104,35,29,9,13,89900.0
7.7,16,227,19,5,14,0,18700.0
8.4,32,267,25,12,12,4,41400.0
6.4,98,153,13,18,11,5,55200.0
2.6,83,167,5,8,12,6,17100.0
4.8,13,115,42,7,13,7,33000.0
7.4,16,164,16,30,15,18,32600.0
6.9,77,285,32,9,14,16,38400.0
7.0,6,173,34,13,2,9,56300.0
4.3,96,291,1,24,0,18,56400.0
3.3,89,300,24,12,6,6,57300.0
1.4,61,217,5,18,7,18,21100.0
1.6,17,185,43,24,18,21,30300.0
6.9,72,109,15,16,10,2,52400.0
1.5,46,224,2,0,11,0,10000.0
9.7,42,185,16,27,19,10,40500.0
3.1,37,126,10,20,0,6,51300.0
1.6,1,119,38,21,1,13,58000.0
4.1,37,283,6,25,8,24,22800.0
3.9,7,206,16,6,0,10,24900.0
7.4,8,249,9,24,20,23,10000.0
2.4,59,228,35,9,19,7,26000.0
9.2,53,274,6,22,3,2,65300.0
4.6,10,133,0,19,12,28,10000.0
4.3,75,205,14,3,3,18,25600.0
8.8,18,212,25,0,0,28,20000.0
5.4,49,193,16,17,2,21,42000.0
4.2,86,293,5,26,9,21,39200.0
3.0,30,179,38,4,11,13,24000.0
3.8,11,152,0,15,1,19,12400.0
4.8,76,262,10,21,0,26,47900.0
2.3,26,268,0,26,15,10,11400.0
2.0,83,158,39,2,17,24,12900.0
1.3,9,227,37,17,14,12,27800.0
9.1,27,115,40,8,8,12,50300.0
2.8,7,126,7,9,8,11,10000.0
9.0,80,232,5,24,13,15,42000.0
3.9,23,189,5,24,6,5,38700.0
6.3,2,286,27,7,0,3,47700.0
9.5,3,116,3,13,8,15,11400.0
6.7,28,125,41,18,17,28,27800.0
7.5,77,289,47,14,16,20,54100.0
2.2,21,244,8,25,19,12,10000.0
5.9,76,243,36,29,0,19,95100.0
1.4,50,280,9,24,4,17,37800.0
8.6,5,222,0,10,1,19,12700.0
4.6,40,274,0,3,6,28,10000.0
5.5,92,147,31,14,17,6,50600.0
4.2,82,258,38,21,12,8,70500.0
4.9,75,195,15,6,8,15,25300.0
3.8,52,239,35,9,7,6,51700.0
3.2,24,80,5,23,3,17,30100.0
6.4,14,190,39,28,14,8,62000.0
7.9,86,162,36,12,9,11,66600.0
7.9,11,96,6,25,17,26,10000.0
1.0,59,130,6,15,8,14,18200.0
9.8,57,292,31,21,11,15,62200.0
4.1,46,297,27,27,10,26,43500.0
4.5,89,124,4,11,1,4,50200.0
2.8,26,151,3,21,20,16,10000.0
8.5,89,179,22,11,12,26,32200.0
1.6,16,214,0,7,18,1,10000.0
2.8,13,273,19,24,19,1,25500.0
7.7,77,127,7,26,11,10,52500.0
2.8,21,124,47,29,12,6,72400.0
6.8,24,201,17,2,1,13,25800.0
9.9,66,199,23,19,19,11,42100.0
6.8,57,124,20,27,14,16,47200.0
7.7,60,207,39,20,5,16,76400.0
3.0,74,264,9,0,16,27,10000.0
2.2,73,114,40,21,13,0,71800.0
1.9,23,271,23,12,5,2,39700.0
1.2,60,206,27,26,10,26,40400.0
2.1,16,86,11,9,12,14,10000.0
4.9,88,164,39,27,17,9,72700.0
3.9,43,258,47,3,10,7,45200.0
3.6,22,260,50,6,14,15,29800.0
1.3,37,109,8,8,11,11,10000.0
4.8,97,289,50,26,16,10,85700.0
7.2,20,297,3,18,3,14,30400.0
4.2,10,179,37,5,10,17,18900.0
3.6,39,176,27,17,5,16,45400.0
8.0,9,181,0,5,7,28,10000.0
8.9,90,193,22,28,18,23,49800.0
7.6,90,257,22,26,14,17,58200.0
4.9,41,148,25,15,10,25,24600.0
9.8,90,245,19,29,9,25,66100.0
1.4,50,205,17,20,16,23,10000.0
3.2,48,121,7,19,6,12,32300.0
4.5,63,81,38,13,15,26,29400.0
7.3,32,139,43,3,6,11,48700.0
6.7,48,249,41,2,13,13,32800.0
7.0,77,237,27,7,16,20,22600.0
1.9,1,128,39,13,12,18,20600.0
2.6,98,147,31,28,20,24,43600.0
6.5,100,213,36,25,20,15,61500.0
5.6,33,98,2,30,11,5,41100.0
7.3,84,296,46,16,15,2,77800.0
4.3,97,126,17,25,20,13,39200.0
7.2,40,241,10,21,12,19,24900.0
2.8,18,176,38,5,14,5,23500.0
2.9,92,213,40,2,6,17,47400.0
1.2,25,115,39,0,12,10,14900.0
9.6,33,158,26,7,5,0,55600.0
2.4,42,242,35,13,18,25,10900.0
8.1,52,165,45,24,7,28,70800.0
4.7,38,205,11,26,17,20,16800.0
8.9,4,279,48,0,9,20,29000.0
5.7,70,243,35,1,1,2,64900.0
3.3,6,209,32,9,13,12,15900.0
4.8,11,300,5,24,9,17,18900.0
7.6,79,258,45,18,10,17,73900.0
6.2,7,93,19,23,2,11,53000.0
5.5,62,150,24,17,19,0,41100.0
3.0,33,85,10,11,9,6,18400.0
6.7,20,184,14,15,20,10,10000.0
3.6,27,238,9,27,17,26,10000.0
1.3,6,132,21,11,14,11,10000.0
4.8,1,120,25,19,11,11,30400.0
4.2,78,184,5,25,5,11,53300.0
7.3,4,119,43,21,0,9,81300.0
6.5,82,245,45,2,8,4,65600.0
8.6,91,101,11,18,5,6,66500.0
1.9,53,286,28,11,11,24,18200.0
7.2,40,295,29,25,0,19,73900.0
7.7,3,272,13,10,12,21,10000.0
4.0,2,259,18,28,16,23,13600.0
7.6,77,265,33,17,1,25,69800.0
6.7,32,285,2,13,10,12,12500.0
5.5,79,136,29,25,4,15,78200.0
8.7,20,130,3,3,4,14,10000.0
2.2,80,284,46,25,7,2,95900.0
6.9,88,119,2,2,14,19,10000.0
4.2,86,269,39,12,18,16,39200.0
3.4,17,288,1,29,7,12,30400.0
9.8,89,300,25,4,6,14,51300.0
5.3,46,257,32,22,6,23,54400.0
2.8,64,183,21,27,10,18,48300.0
2.4,8,106,46,18,20,7,33200.0
9.9,60,223,46,7,11,8,64300.0
7.7,55,198,16,7,3,16,36400.0
9.9,93,209,20,16,3,3,82700.0
5.1,67,143,25,30,12,16,60300.0
3.6,54,293,4,3,5,7,14900.0
8.9,7,220,27,10,19,24,10000.0
6.5,28,280,5,11,12,25,10000.0
3.7,26,216,23,15,9,20,22700.0
5.4,91,278,28,24,4,16,78100.0
1.6,74,208,10,26,5,22,42400.0
1.5,72,120,28,8,5,26,28600.0
2.7,88,274,49,9,2,27,63300.0
1.0,31,149,34,29,12,10,54800.0
6.5,56,171,38,0,20,11,16800.0
7.3,1,258,50,17,6,11,67400.0
1.4,2,192,1,18,0,12,19400.0
5.9,24,127,38,27,8,20,61500.0
7.1,32,263,5,4,8,2,16800.0
5.7,49,118,43,6,20,3,35100.0
2.3,82,194,11,30,2,6,75200.0
2.7,30,253,2,24,16,23,10000.0
9.2,91,250,39,18,14,27,56700.0
8.9,32,216,45,1,13,25,22900.0
4.8,26,204,31,17,18,3,34900.0
9.6,34,156,3,22,20,15,10400.0
6.0,52,229,38,16,10,16,53600.0
1.1,79,274,23,13,11,3,43400.0
1.9,70,237,0,16,0,4,44800.0
4.3,96,181,48,5,17,28,30900.0
9.4,40,111,42,25,17,3,73300.0
4.2,33,231,9,8,19,8,10000.0
7.0,86,170,17,28,9,0,80800.0
7.4,10,190,40,28,0,11,88800.0
2.7,67,199,33,29,8,7,79000.0
8.1,47,207,4,7,2,17,23800.0
5.0,16,178,6,13,1,7,31300.0
5.4,3,200,2,26,1,13,37700.0
2.0,0,189,26,9,4,22,13500.0
2.2,12,201,28,7,14,28,10000.0
2.7,64,98,3,6,5,13,13600.0
9.2,76,212,40,13,19,4,58700.0
9.3,54,299,35,17,5,21,64300.0
6.5,16,262,5,25,19,4,18300.0
4.7,75,225,43,19,4,10,85400.0
2.3,90,167,45,5,0,11,73100.0
6.4,100,113,10,22,13,9,50800.0
8.5,92,205,46,0,6,4,74600.0
3.3,15,164,18,5,7,27,10000.0
3.4,72,138,9,15,7,3,42900.0
1.6,16,194,30,17,11,10,31500.0
9.1,56,132,11,7,13,9,21500.0
7.3,59,106,30,7,0,6,66800.0
2.1,99,270,45,6,18,10,41900.0
9.4,68,139,9,12,1,21,43200.0
9.1,93,106,5,27,18,13,42600.0
3.6,93,96,24,11,5,19,46600.0
3.8,41,281,49,7,7,3,62400.0
5.7,65,169,0,12,5,18,20900.0
5.8,4,142,30,25,19,19,23300.0
5.6,30,166,29,29,5,0,82700.0
1.3,42,179,17,8,15,6,10000.0
4.0,88,159,0,17,8,0,43900.0
3.3,7,94,7,7,18,4,10000.0
3.6,49,93,19,3,12,2,19400.0
1.9,69,300,22,6,4,5,42500.0
5.5,39,127,42,10,11,15,42700.0
7.0,26,141,10,17,6,20,25300.0
2.4,92,158,27,0,20,18,10000.0
8.1,42,214,15,13,2,21,38300.0
6.2,4,266,23,13,17,12,10100.0
8.7,28,203,2,6,15,9,10000.0
4.2,81,289,22,28,1,14,80700.0
6.8,60,277,38,19,7,10,74100.0
3.8,50,123,14,3,14,3,10100.0
1.6,72,217,7,18,7,15,29800.0
3.9,76,92,32,27,15,17,56100.0
8.7,0,236,38,4,13,12,23400.0
5.1,54,181,9,14,18,28,10000.0
2.6,12,269,43,28,6,10,71800.0
9.6,95,123,9,23,17,26,31200.0
1.2,74,272,36,26,6,27,60600.0
9.3,47,268,28,6,3,27,36700.0
4.5,85,263,8,6,19,25,10000.0
1.4,0,277,50,20,17,2,46800.0
7.5,72,96,40,14,10,23,54600.0
4.9,73,284,31,30,19,21,48700.0
7.6,80,205,11,20,20,21,19200.0
2.5,9,81,18,16,7,2,33700.0
6.9,90,212,31,13,13,7,58300.0
3.3,51,287,46,0,10,14,33900.0
9.2,73,182,32,7,12,25,33800.0
6.2,39,151,25,14,13,12,32100.0
7.3,66,281,44,28,3,17,97400.0
4.5,25,149,3,24,4,19,28500.0
1.3,83,191,23,14,6,22,37500.0
8.6,49,270,6,4,3,20,17900.0
7.4,94,116,11,1,20,23,10000.0
3.7,99,228,32,12,20,4,43100.0
6.4,38,115,44,1,20,14,15700.0
4.5,34,259,16,18,7,25,23200.0
5.2,88,120,42,28,16,18,70800.0
2.9,33,279,41,14,7,13,50700.0
2.1,92,216,35,23,1,9,90300.0
6.1,17,122,42,29,1,20,80800.0
6.7,16,280,36,21,14,14,43700.0
9.5,23,187,30,17,19,6,37400.0
7.1,10,240,14,17,15,2,24700.0
4.0,44,161,14,17,6,5,43700.0
2.9,29,98,44,12,7,27,35500.0
8.1,7,100,35,25,19,22,30800.0
6.1,8,118,43,11,12,25,25100.0
4.6,7,170,24,26,9,0,56300.0
8.6,19,169,8,8,20,16,10000.0
2.2,32,178,45,30,12,14,66000.0
9.1,1,141,5,27,9,13,33000.0
5.2,13,293,32,14,17,6,27300.0
7.9,100,274,30,28,3,11,100800.0
5.9,11,249,17,21,4,12,43600.0
7.3,11,117,34,7,4,22,32400.0
2.2,44,214,29,24,12,25,33600.0
1.3,60,191,3,5,1,7,22100.0
3.4,53,112,39,14,1,10,70700.0
5.4,3,285,21,9,2,8,34200.0
8.4,17,122,20,11,1,14,42400.0
9.3,26,231,5,11,8,25,10000.0
6.9,22,287,42,7,0,12,60900.0
8.0,61,135,13,7,19,10,10000.0
6.8,3,212,32,2,4,7,34500.0
5.6,5,165,50,17,17,21,33200.0
7.5,11,253,20,23,2,10,58800.0
6.2,15,188,31,16,2,19,48900.0
9.6,46,272,34,5,0,12,62500.0
4.7,61,164,36,30,8,0,92700.0
2.5,15,229,47,23,13,4,61000.0
3.1,45,202,28,6,14,11,17700.0
9.9,77,270,41,29,9,6,103400.0
2.8,11,134,30,25,14,12,36400.0
7.2,74,289,22,19,2,19,64100.0
8.5,70,152,29,9,0,20,60500.0
1.0,36,241,31,30,13,26,36800.0
9.5,29,161,32,27,11,12,66200.0
7.0,58,259,40,26,5,25,75400.0
1.2,64,138,49,30,1,4,109600.0
4.7,39,192,21,16,10,8,38100.0
3.6,24,258,42,29,14,7,64900.0
8.6,98,185,3,8,7,8,39600.0
6.9,3,246,30,18,2,7,60700.0
4.1,93,239,31,29,6,27,71600.0
4.2,65,173,20,16,9,12,41900.0
6.2,9,213,29,2,17,24,10000.0
3.7,94,257,43,4,15,11,43600.0
1.7,76,134,46,18,18,17,46200.0
1.3,25,296,10,15,0,4,38600.0
3.8,88,300,26,13,15,7,42500.0
6.0,45,200,34,22,19,8,46500.0
5.9,73,251,39,8,20,3,41700.0
7.4,46,151,20,18,0,21,54600.0
9.0,19,89,34,4,19,19,10000.0
1.6,77,246,35,24,16,14,51300.0
1.2,67,291,22,8,4,24,24500.0
6.4,56,265,17,15,5,4,55100.0
7.6,17,292,18,18,6,19,34300.0
5.8,44,101,35,13,7,1,64300.0
9.0,48,285,23,1,19,1,17900.0
4.5,37,152,10,19,10,16,22600.0
1.3,62,126,4,25,16,18,12700.0
6.7,79,288,5,0,17,23,10000.0
8.6,23,191,20,28,0,9,77100.0
3.7,54,171,37,8,10,15,37600.0
7.4,91,220,46,21,6,7,100600.0
2.4,5,222,44,8,12,15,23300.0
9.7,18,150,1,10,12,14,10000.0
5.2,25,191,6,7,9,21,10000.0
9.9,11,175,4,20,3,7,44100.0
4.8,51,129,20,13,6,22,30400.0
3.4,37,289,42,7,20,18,12400.0
4.6,87,196,41,17,8,27,58800.0
8.0,90,183,35,16,11,14,66000.0
7.5,32,177,25,9,13,12,25100.0
7.6,0,273,8,16,9,13,16200.0
5.2,51,208,41,5,16,28,14200.0
4.4,88,201,12,5,18,24,10000.0
9.9,81,166,5,11,13,24,15600.0
7.7,4,197,37,13,17,26,13100.0
5.5,94,286,49,3,9,11,63700.0
1.7,85,167,31,0,0,19,40900.0
4.3,1,218,17,17,2,8,39400.0
1.5,26,119,8,23,2,15,34300.0
4.8,97,207,35,19,17,22,46200.0
7.7,37,270,8,30,5,18,51500.0
4.2,6,257,21,14,19,23,10000.0
4.7,4,249,39,26,19,24,26600.0
2.1,39,82,28,25,14,1,52400.0
2.6,37,251,22,16,11,5,35300.0
1.1,83,110,1,1,18,18,10000.0
1.2,26,204,10,25,14,23,10000.0
4.1,58,256,14,7,3,21,23100.0
8.8,42,224,39,25,4,23,75700.0
9.9,26,290,47,20,8,25,63600.0
9.9,51,250,16,24,7,20,53100.0
3.7,16,247,29,30,17,5,47200.0
7.2,31,206,29,21,1,19,63200.0
8.2,15,127,8,30,0,26,47900.0
6.6,0,261,10,15,15,24,10000.0
8.4,43,187,29,18,7,17,54700.0
2.1,64,116,28,6,15,9,21400.0
7.5,88,191,24,7,10,17,38900.0
3.4,36,108,4,21,17,2,17100.0
4.6,27,185,50,29,18,14,60800.0
3.3,79,208,39,20,14,0,71300.0
2.6,43,101,15,25,6,2,56600.0
7.9,45,224,48,9,3,11,73800.0
8.5,60,164,14,22,4,12,62000.0
8.1,64,293,21,27,18,9,51900.0
2.0,91,129,40,8,10,24,39300.0
9.0,22,197,7,21,2,13,46100.0
4.9,56,145,35,16,9,26,41600.0
5.7,25,102,36,9,19,16,14400.0
8.6,52,145,48,2,3,22,55800.0
9.9,48,131,31,14,16,27,27200.0
5.4,44,222,3,10,0,16,26000.0
1.9,63,292,31,6,11,5,35700.0
4.8,19,83,47,3,20,12,14800.0
7.2,78,196,21,3,12,8,31300.0
9.7,30,85,5,2,9,11,10000.0
4.3,40,220,46,15,19,26,25100.0
7.9,67,254,3,26,11,26,29900.0
4.2,21,241,1,22,10,5,23700.0
6.8,68,264,29,20,4,13,72000.0
3.8,76,298,18,25,2,7,74900.0
4.0,42,152,10,7,4,0,33100.0
5.4,75,278,32,21,9,10,68800.0
9.0,57,134,17,20,20,25,17100.0
1.6,50,260,48,1,4,16,43700.0
4.1,0,273,41,9,6,4,46700.0
7.2,84,294,6,19,15,23,21100.0
3.1,21,149,13,5,17,15,10000.0
6.9,56,137,23,28,6,17,66600.0
8.3,38,126,19,15,19,5,26500.0
3.7,34,206,41,10,19,22,13600.0
8.1,65,262,14,25,9,16,53200.0
3.6,85,167,23,16,8,14,49700.0
7.2,48,255,7,5,15,26,10000.0
4.7,45,232,18,17,5,10,46400.0
9.3,43,156,13,2,1,17,28500.0
7.9,32,159,32,17,8,2,64900.0
4.6,38,203,5,25,13,21,16100.0
4.5,69,294,42,5,4,0,71200.0
4.9,69,169,29,17,15,17,38000.0
3.4,87,252,9,2,16,8,10000.0
5.8,88,291,30,26,9,21,68000.0
2.9,84,234,18,2,7,15,23000.0
3.6,4,169,17,13,13,11,10000.0
9.6,62,276,11,14,12,21,24800.0
4.5,91,82,6,1,19,11,10000.0
4.9,70,144,46,22,7,12,83800.0
3.7,71,294,50,16,7,25,63700.0
2.9,84,215,21,18,18,1,42000.0
8.7,96,276,34,24,8,23,77200.0
4.3,3,244,9,19,0,21,26000.0
7.2,26,146,15,24,3,18,49200.0
8.1,59,167,48,10,13,26,44900.0
2.5,96,179,30,24,8,20,63800.0
2.9,35,117,25,30,2,18,64300.0
5.8,54,260,36,23,12,11,63300.0
9.5,13,117,40,16,20,14,32900.0
5.4,87,228,10,22,9,19,42900.0
6.8,46,84,30,19,6,11,62900.0
3.3,26,243,10,18,12,4,23400.0
7.8,6,80,34,20,19,16,27400.0
6.7,79,216,47,9,15,24,43600.0
3.9,35,106,43,2,14,9,27300.0
7.6,88,193,19,4,15,22,14600.0
9.5,68,251,45,1,15,21,34900.0
7.6,48,250,41,3,0,22,53100.0
4.7,51,169,2,3,14,22,10000.0
4.7,98,196,47,6,14,7,59800.0
5.2,7,197,13,7,13,5,10000.0
4.2,68,111,44,19,1,25,74300.0
4.4,86,271,45,16,2,12,87600.0
6.0,21,281,32,14,3,13,52300.0
1.3,29,107,28,23,7,24,35800.0
1.3,0,181,41,11,12,12,24100.0
8.7,95,116,6,0,20,13,10000.0
5.2,48,181,37,16,14,28,29800.0
7.7,21,155,47,11,15,7,48200.0
2.4,4,216,31,19,9,18,29500.0
3.8,98,168,22,20,10,17,52000.0
5.4,23,243,37,22,19,23,26700.0
2.0,55,106,8,19,0,4,53000.0
9.3,36,136,47,8,18,13,39400.0
5.0,54,88,13,29,8,28,38700.0
3.5,55,291,37,28,16,0,70500.0
4.1,84,152,49,20,19,18,56400.0
3.7,26,252,37,7,9,5,39700.0
5.3,1,273,12,8,18,2,10000.0
7.5,28,187,30,5,17,10,16900.0
6.4,50,293,10,13,6,2,43300.0
9.1,15,210,18,15,7,10,39200.0
4.0,42,144,10,1,7,27,10000.0
4.6,41,147,46,16,9,15,58500.0
7.0,98,193,41,2,7,26,47400.0
4.5,13,151,7,5,6,22,10000.0
2.0,53,126,50,6,11,17,39900.0
8.9,17,290,43,7,2,17,55400.0
3.4,100,216,47,9,18,9,52300.0
5.7,4,221,40,18,1,17,60600.0
7.7,27,111,33,18,5,18,55500.0
4.8,40,242,29,24,2,26,56600.0
1.1,45,92,28,18,9,7,45700.0
1.6,86,240,45,14,16,19,44000.0
2.1,51,297,1,13,13,18,10000.0
8.3,100,176,34,23,6,3,100100.0
2.6,10,288,19,0,11,8,10000.0
4.3,83,160,20,19,19,1,43000.0
2.8,73,143,9,5,19,19,10000.0
3.5,62,260,8,6,14,19,10000.0
4.4,6,124,28,24,16,15,27600.0
1.1,55,130,20,27,0,22,57200.0
6.8,62,274,27,5,19,27,10000.0
4.8,21,200,43,27,11,23,54400.0
1.9,81,97,40,5,9,13,44600.0
1.4,20,95,3,18,5,0,28800.0
9.6,57,197,10,25,8,23,44800.0
1.7,44,194,8,11,12,26,10000.0
1.5,44,208,16,27,11,18,32700.0
6.5,80,90,42,6,14,7,53000.0
2.1,61,190,47,13,14,0,61000.0
8.9,29,256,45,5,5,15,54000.0
8.7,40,291,25,2,12,14,19400.0
1.3,74,177,8,27,20,17,16300.0
5.3,45,124,8,24,4,6,54100.0
9.8,53,117,40,3,6,6,62000.0
10.0,95,211,8,24,16,1,59500.0
5.5,22,268,11,16,20,16,10000.0
3.0,80,276,27,23,2,14,73500.0
1.3,26,196,6,8,7,4,10400.0
5.1,66,152,31,9,9,6,50500.0
1.4,69,223,43,4,15,23,19500.0
2.5,50,191,27,7,16,24,10000.0
8.0,22,241,23,6,15,25,10000.0
2.9,36,114,1,9,14,22,10000.0
4.4,26,218,5,15,8,9,19100.0
6.4,95,141,11,24,13,28,34300.0
9.2,38,233,11,20,12,13,33800.0
7.0,57,261,22,13,7,16,42600.0
5.2,73,148,49,26,0,23,97300.0
3.0,98,247,21,6,7,6,45400.0
5.1,11,155,22,13,10,9,26000.0
2.1,24,179,44,30,19,21,41400.0
2.4,72,165,14,12,12,3,31400.0
1.5,60,216,30,4,7,6,37000.0
9.7,44,195,4,2,5,6,23600.0
3.7,20,113,1,20,19,27,10000.0
7.7,99,180,14,4,3,5,54100.0
8.4,36,202,4,25,18,7,26100.0
6.6,86,247,1,18,3,0,61000.0
3.5,16,206,17,22,1,15,44800.0
5.1,20,101,41,6,8,1,49200.0
5.5,48,120,44,24,4,16,81400.0
4.7,98,244,25,23,19,16,44300.0
9.9,67,113,32,10,0,16,70900.0
2.1,82,213,38,17,17,26,32300.0
6.4,99,164,34,14,16,26,39500.0
4.5,37,109,1,26,11,16,22100.0
6.8,65,92,27,19,8,8,64600.0
1.8,64,214,9,8,9,28,10000.0
9.6,14,209,49,5,18,6,37900.0
1.9,1,165,31,14,14,4,24100.0
8.1,100,93,16,25,15,28,41700.0
6.4,28,85,15,17,5,20,31700.0
8.2,10,267,39,14,13,16,37400.0
4.5,53,296,18,29,14,9,49400.0
3.5,51,192,46,6,13,25,26300.0
8.4,24,85,49,20,18,25,42000.0
7.8,87,186,48,1,2,21,66200.0
9.5,76,186,43,3,13,5,58300.0
8.0,7,288,18,27,17,13,29600.0
3.0,44,162,12,20,13,19,16200.0
8.5,25,132,3,0,18,6,10000.0
4.6,32,120,43,13,20,24,17300.0
8.9,9,96,0,10,1,17,16500.0
2.7,88,257,17,9,15,24,10000.0
4.5,84,111,39,13,18,12,44700.0
7.2,14,247,17,27,19,16,22100.0
6.1,59,260,45,20,9,21,65900.0
9.4,41,163,26,24,19,13,42100.0
4.2,28,161,50,16,1,20,68800.0
2.2,2,97,36,28,5,7,66000.0
5.8,92,284,41,4,5,17,59200.0
6.8,41,287,7,9,9,20,10000.0
3.8,90,167,46,26,19,23,58600.0
9.1,61,299,18,6,17,10,19500.0
6.8,59,166,29,20,19,13,39300.0
3.2,91,145,12,21,15,9,38200.0
2.1,99,196,49,3,9,24,45400.0
4.4,10,113,40,27,5,13,69300.0
1.1,30,275,30,19,5,10,49700.0
2.0,54,111,14,17,0,19,40700.0
2.5,91,119,0,23,3,14,46800.0
1.8,43,94,18,17,6,17,31000.0
1.6,31,232,38,24,6,2,72500.0
6.6,64,278,37,25,13,26,54900.0
9.5,84,147,44,15,10,21,69700.0
4.0,46,190,14,8,18,10,10000.0
4.8,38,136,25,24,11,4,56000.0
8.0,34,291,27,17,5,3,65700.0
8.0,50,273,39,29,20,4,69500.0
2.2,46,256,26,7,0,28,26700.0
1.0,73,112,13,24,5,3,59900.0
6.1,52,90,48,13,18,4,55300.0
7.3,33,102,24,16,12,28,20500.0
3.6,15,202,42,23,7,1,73200.0
9.7,29,162,23,8,20,8,15100.0
1.4,72,232,6,8,11,28,10000.0
7.4,20,185,20,8,1,1,49800.0
2.0,75,231,28,25,1,23,67000.0
3.4,77,260,13,7,12,1,28400.0
3.0,24,286,5,27,10,26,12700.0
7.1,27,154,44,18,2,3,86300.0
6.4,52,255,17,24,18,20,25400.0
2.5,37,106,29,13,4,8,48600.0
4.5,81,276,28,28,4,8,87300.0
9.0,76,135,49,10,12,13,67800.0
2.0,42,237,43,18,16,18,36600.0
4.3,51,157,34,14,11,7,49900.0
1.4,7,136,44,17,17,18,22400.0
1.2,86,137,50,4,13,3,55200.0
6.6,28,229,10,1,7,23,10000.0
4.1,97,260,16,27,14,0,65800.0
7.1,100,267,23,19,5,0,85700.0
6.9,11,101,47,27,11,23,59600.0
4.3,22,214,28,9,15,7,19700.0
1.0,83,287,32,2,20,17,10000.0
5.0,79,85,7,5,5,2,36200.0
7.9,75,244,1,28,13,26,29300.0
6.2,91,170,45,6,2,8,81700.0
9.9,71,185,13,6,14,28,10000.0
7.8,29,114,32,23,4,0,82800.0
3.9,70,87,30,19,7,20,53300.0
5.1,33,183,8,16,2,12,36100.0
3.0,2,115,44,29,1,7,85100.0
6.1,75,134,16,0,4,6,36700.0
1.9,54,155,12,7,7,11,17500.0
1.9,71,166,6,15,4,24,21600.0
7.3,77,266,27,21,16,7,57200.0
2.4,4,125,8,25,6,26,13500.0
6.2,61,284,20,5,13,12,20200.0
2.8,56,91,11,17,7,20,24900.0
4.3,11,106,32,25,0,9,72400.0
6.5,63,228,31,7,20,10,23400.0
6.3,22,260,41,1,8,9,36700.0
2.4,86,89,20,20,15,4,46600.0
8.0,92,238,38,4,19,19,30600.0
4.7,7,158,28,5,10,16,11000.0
2.8,32,94,35,6,13,28,10000.0
6.8,25,221,48,24,17,21,50100.0
6.9,10,123,42,20,2,4,80800.0
1.6,81,257,6,4,7,14,11500.0
8.7,11,229,20,27,11,5,54200.0
8.4,43,227,3,21,16,9,23200.0
1.3,27,85,47,6,20,21,10000.0
5.6,7,114,27,10,1,26,27300.0
3.3,91,144,3,9,2,12,34400.0
7.9,44,144,4,23,10,4,43500.0
2.2,26,275,39,16,2,24,47200.0
9.5,96,224,36,2,19,19,29800.0
5.8,74,248,40,9,12,28,35300.0
3.1,8,195,37,4,18,12,10000.0
6.0,91,252,13,22,6,0,73300.0
6.4,34,162,18,25,7,5,59500.0
4.0,96,142,20,27,19,17,42300.0
2.6,57,167,31,28,12,16,55300.0
4.9,48,190,40,15,8,28,42700.0
9.7,1,100,48,25,18,7,62200.0
9.1,56,267,37,9,15,0,55500.0
5.4,63,176,37,2,19,12,19700.0
6.4,21,288,20,17,7,13,37600.0
7.9,78,263,15,14,17,18,23200.0
8.5,22,258,10,21,7,24,27100.0
9.8,98,294,40,8,15,24,47000.0
9.4,78,203,2,25,6,20,49700.0
2.0,85,177,9,1,13,21,10000.0
7.2,68,94,14,22,12,28,29800.0
7.8,87,191,42,25,15,20,71200.0
6.5,45,194,14,10,10,19,16500.0
4.3,21,188,5,10,14,27,10000.0
8.7,26,98,50,3,18,10,33700.0
9.4,98,190,42,2,15,13,50200.0
3.4,37,125,17,12,17,26,10000.0
1.9,3,224,43,29,3,25,60200.0
6.5,30,88,49,18,15,9,59000.0
9.7,42,227,8,3,4,15,21500.0
9.0,32,185,39,15,18,25,28100.0
7.7,76,144,32,1,4,20,43700.0
1.4,3,122,9,20,3,23,13700.0
3.1,3,94,40,22,6,28,40100.0
3.4,38,166,31,12,0,13,54200.0
9.3,56,136,25,29,8,17,70900.0
9.4,64,233,28,8,0,0,78000.0
8.9,76,254,33,27,16,26,56100.0
7.7,2,186,14,25,0,7,60500.0
9.1,5,122,39,2,4,22,31700.0
3.7,84,221,35,22,19,25,37600.0
6.6,57,180,34,6,7,13,46300.0
4.5,24,175,31,25,3,11,67700.0
4.4,5,237,20,15,5,15,27800.0
2.9,66,185,10,23,1,17,51100.0
2.9,41,276,46,12,16,26,24100.0
9.4,44,126,0,30,13,0,51000.0
3.9,13,248,8,1,1,14,10000.0
3.3,2,155,2,30,6,0,42200.0
2.7,53,207,25,1,5,16,21800.0
3.9,32,162,6,4,1,12,15400.0
6.4,56,99,4,15,1,1,53100.0
6.2,69,222,34,5,5,15,49600.0
2.5,44,90,33,25,16,9,47700.0
7.5,94,106,28,19,2,17,78700.0
4.2,14,250,37,9,20,6,17100.0
4.5,98,222,49,17,6,4,96900.0
6.4,57,262,50,2,2,18,60900.0
7.7,78,264,37,18,6,10,80800.0
4.7,90,136,37,15,6,0,83900.0
7.9,18,275,22,30,13,17,45200.0
9.4,87,202,1,16,14,28,13900.0
3.7,1,140,32,24,14,14,33700.0
1.5,65,226,17,9,4,3,42000.0
1.5,72,89,35,3,5,17,37100.0
2.1,96,236,1,28,19,10,28000.0
9.1,47,215,22,11,7,6,50800.0
6.1,49,299,28,9,12,17,27400.0
5.3,70,86,3,6,10,25,10000.0
1.7,89,269,46,19,13,23,55600.0
9.2,70,273,3,13,1,7,52900.0
3.4,75,205,41,9,20,10,33800.0
3.2,55,149,34,0,6,9,35900.0
8.0,92,246,26,4,2,28,43600.0
3.8,94,166,30,2,19,12,18800.0
3.7,1,97,46,29,4,19,70200.0
9.8,59,191,24,6,8,20,34300.0
6.0,36,229,20,11,0,0,59300.0
3.6,96,180,25,30,20,8,58000.0
4.9,64,278,10,20,4,5,56000.0
7.7,70,128,32,3,3,26,40900.0
6.7,70,139,1,30,8,8,56400.0
1.1,38,259,9,25,17,9,17100.0
2.9,84,150,4,10,6,15,23000.0
9.5,68,171,42,11,17,11,52900.0
9.3,2,115,21,12,4,22,28200.0
4.7,57,253,26,17,2,5,69000.0
2.5,89,264,7,7,4,16,25200.0
6.5,71,114,41,15,5,0,87800.0
7.7,64,201,5,29,5,15,58100.0
9.8,74,168,47,28,6,22,96800.0
1.9,31,293,47,24,7,21,61100.0
3.0,78,274,3,2,9,27,10000.0
9.4,74,96,37,20,12,13,71000.0
6.0,49,243,4,7,19,11,10000.0
6.2,41,175,25,26,19,9,41700.0
4.2,29,96,30,2,15,11,10000.0
8.3,90,96,24,8,6,2,65600.0
2.1,30,220,50,6,16,5,35200.0
2.8,18,103,28,24,10,20,35000.0
2.4,49,136,39,21,17,14,42000.0
5.7,99,108,4,2,12,12,12100.0
1.1,98,118,49,24,0,26,90600.0
2.8,15,105,37,21,5,12,56600.0
3.4,50,102,48,18,5,14,72800.0
1.8,67,295,13,14,20,19,10000.0
2.5,15,167,14,19,20,18,10000.0
5.5,82,125,32,14,0,23,65600.0
2.0,85,166,42,5,15,14,35000.0
7.9,94,159,39,19,20,10,61500.0
8.3,32,239,31,20,0,25,62200.0
2.5,42,123,31,7,11,11,26100.0
6.7,54,184,10,22,7,15,43600.0
2.7,31,236,26,30,9,22,45700.0
6.5,98,252,29,1,12,25,23900.0
4.9,0,285,35,21,18,3,37300.0
4.9,39,91,41,21,17,10,50000.0
6.3,29,103,24,23,1,8,69800.0
8.8,44,218,4,15,17,13,10300.0
2.7,77,297,46,24,17,0,76500.0
7.6,77,281,29,2,17,18,18300.0
4.2,30,256,44,2,5,23,31400.0
8.2,11,109,29,17,9,12,44200.0
4.7,38,122,19,2,9,19,10000.0
7.9,58,117,8,17,5,16,40700.0
4.2,23,146,30,7,8,16,23800.0
4.0,4,223,11,5,16,28,10000.0
9.3,9,247,39,20,3,14,70300.0
9.4,1,162,46,0,4,16,41100.0
5.0,75,100,26,10,12,3,46500.0
8.6,63,120,4,28,6,26,44100.0
6.0,30,156,20,21,4,8,56500.0
5.7,86,174,14,13,0,26,44700.0
7.7,53,94,6,7,20,5,10000.0
8.7,34,139,48,18,8,13,73600.0
1.9,57,99,6,0,0,9,17900.0
7.1,16,162,16,0,18,0,10000.0
2.4,29,215,46,7,10,7,43000.0
7.9,32,127,23,20,9,15,45400.0
5.0,14,114,18,25,20,1,28700.0
4.9,45,118,14,26,20,25,11300.0
2.4,63,82,17,23,16,8,35200.0
1.3,68,133,29,10,17,6,27000.0
7.7,74,243,20,25,14,9,58100.0
4.9,15,91,23,9,7,3,33800.0
8.5,88,202,2,17,3,1,63900.0
9.4,77,86,23,18,18,17,38900.0
1.4,37,159,31,27,18,7,42400.0
7.5,23,138,12,18,14,20,12900.0
2.2,83,148,46,8,6,18,57300.0
3.2,38,243,43,16,20,8,36800.0
2.0,52,251,40,25,9,2,77100.0
1.2,9,261,6,13,15,6,10000.0
5.7,69,150,4,16,15,15,15100.0
3.4,74,196,8,13,10,23,13500.0
6.3,41,269,46,28,11,15,75900.0
1.7,58,270,40,14,12,4,53800.0
8.1,76,194,32,21,12,17,61500.0
2.5,28,169,41,19,8,10,56900.0
4.3,86,151,30,1,17,12,19900.0
5.1,69,83,1,29,9,21,36400.0
6.7,83,139,42,30,12,25,76300.0
1.2,54,130,47,6,11,22,30600.0
2.6,63,143,36,4,3,7,53100.0
9.3,64,290,21,13,12,18,36300.0
6.6,74,98,3,7,10,17,11900.0
1.6,97,152,50,2,5,15,60300.0
9.6,34,100,38,24,7,28,61400.0
5.0,66,298,23,30,20,28,29800.0
2.0,8,86,26,30,6,3,62400.0
9.5,88,179,21,1,1,8,57900.0
5.2,34,254,3,7,12,7,10000.0
6.6,61,293,48,13,14,25,46000.0
7.9,28,170,0,17,10,7,22700.0
9.4,28,197,44,21,8,1,85700.0
3.9,46,207,13,29,0,19,59100.0
4.4,9,163,8,13,9,19,10000.0
8.0,7,298,30,1,19,2,10000.0
3.1,0,288,26,25,2,20,45700.0
7.7,20,110,40,19,1,6,81900.0
6.9,59,136,43,18,11,26,53500.0
7.0,72,147,15,7,3,27,28100.0
8.5,50,211,30,23,2,10,82500.0
5.9,5,105,16,17,4,20,26800.0
3.4,92,234,50,24,20,0,80400.0
3.0,2,154,47,1,11,9,24100.0
3.1,31,156,13,1,9,4,10000.0
1.0,87,198,4,7,16,2,10000.0
5.0,49,217,5,22,0,12,50700.0
6.1,20,85,9,11,20,2,10000.0
7.0,51,233,42,12,7,16,59300.0
4.6,93,242,42,14,7,3,83100.0
7.1,35,191,1,15,15,17,10000.0
9.7,63,152,33,16,12,20,51300.0
7.0,34,167,34,2,0,9,52200.0
1.7,74,273,34,19,10,19,49100.0
8.9,60,239,36,22,15,19,55800.0
3.0,61,228,30,20,12,24,36300.0
4.9,97,239,10,25,15,5,51400.0
6.9,82,268,20,26,13,14,57400.0
1.5,17,147,3,16,2,14,17100.0
8.7,13,195,39,27,1,22,76800.0
2.9,92,283,16,0,13,26,10000.0
3.3,54,263,20,3,3,11,30300.0
8.7,31,300,20,22,1,9,68700.0
7.8,87,173,30,22,10,4,80700.0
6.0,25,100,9,26,0,18,49500.0
3.3,3,130,32,1,15,22,10000.0
8.4,20,233,31,14,2,6,64800.0
9.4,74,265,1,25,15,19,30500.0
4.0,47,208,37,9,18,3,33600.0
9.8,96,192,43,25,7,4,110900.0
7.1,0,215,13,1,1,18,10000.0
2.1,13,173,37,21,9,27,31600.0
1.5,84,174,28,16,4,20,52200.0
7.7,98,261,40,28,15,15,81800.0
6.7,67,162,12,17,3,14,51000.0
2.4,14,178,42,10,3,26,34000.0
3.4,55,252,1,22,0,3,54300.0
4.6,30,228,7,19,6,28,13700.0
3.3,16,194,8,2,1,0,20400.0
8.5,25,177,0,16,20,13,10000.0
5.5,97,288,12,11,14,28,12600.0
2.5,54,142,43,25,6,7,82700.0
7.2,63,286,11,12,8,14,32300.0
3.7,36,235,39,9,12,1,45700.0
1.9,24,128,26,24,18,12,25000.0
7.4,43,198,35,23,3,13,78200.0
6.2,20,294,28,29,1,27,60900.0
7.8,50,108,48,5,19,9,39100.0
8.1,7,184,37,26,9,5,71300.0
4.1,2,139,5,13,11,9,10000.0
6.6,73,295,33,11,4,27,49600.0
6.3,12,233,39,27,20,6,49700.0
5.3,60,90,43,12,18,14,39600.0
6.8,99,227,35,26,2,4,109300.0
1.1,21,254,44,0,6,27,13500.0
4.8,52,196,16,22,12,21,29200.0
7.9,0,259,11,22,18,2,21800.0
8.0,84,221,36,13,18,15,45700.0
7.3,56,128,38,3,4,0,65900.0
4.5,37,261,32,27,16,24,36600.0
4.5,33,217,30,25,14,16,42400.0
9.7,71,221,50,17,12,15,77200.0
5.8,83,289,15,14,11,20,30500.0
9.8,53,211,43,21,15,22,58000.0
3.1,13,151,16,17,16,8,11600.0
9.8,44,276,31,1,0,9,56300.0
4.7,13,286,16,19,7,24,19800.0
7.7,58,221,12,6,19,17,10000.0
1.3,53,292,5,29,12,2,41000.0
6.3,29,233,50,5,7,12,52800.0
8.4,22,282,47,26,19,25,46400.0
3.2,31,168,16,23,6,7,47200.0
6.3,24,248,20,24,16,20,23800.0
3.3,2,178,41,1,20,6,10000.0
6.5,6,235,36,7,16,26,10000.0
3.5,46,136,13,14,18,27,10000.0
2.9,46,91,10,23,12,0,40100.0
5.8,35,257,26,9,2,24,33600.0
9.7,9,177,16,28,16,25,23100.0
1.6,18,192,13,18,20,0,10000.0
9.3,95,248,31,19,10,25,61600.0
4.1,67,166,43,20,16,2,67300.0
2.4,41,190,25,9,11,25,10000.0
8.6,37,168,25,23,19,10,39800.0
7.3,29,115,33,22,7,3,72300.0
4.9,55,127,22,18,9,21,36300.0
6.5,25,223,18,30,11,13,48500.0
7.1,11,116,13,17,16,1,23000.0
7.2,25,194,31,6,8,12,33900.0
1.1,79,87,39,17,19,10,42400.0
6.4,73,100,33,26,16,19,55700.0
4.4,42,107,47,14,13,28,35400.0
3.6,6,95,5,1,7,23,10000.0
9.3,78,171,17,27,6,3,84500.0
4.5,2,92,12,2,0,18,10000.0
1.9,89,170,43,29,4,7,102000.0
1.5,81,255,38,4,0,10,61300.0
1.0,23,162,22,28,13,25,21900.0
3.1,62,116,12,19,12,14,27300.0
2.7,62,206,12,26,14,10,37000.0
7.9,19,234,2,25,18,25,10000.0
4.3,13,87,22,19,17,22,10000.0
7.3,41,92,16,9,1,18,36400.0
9.0,8,272,22,24,0,12,66400.0
4.9,2,106,5,24,12,8,19400.0
2.8,18,206,46,25,4,28,58500.0
8.8,38,280,3,10,15,1,16000.0
4.2,29,213,45,11,6,2,64600.0
4.1,64,295,44,18,17,2,62400.0
6.0,16,83,25,28,12,20,39800.0
1.9,5,298,45,9,9,21,24800.0
8.0,29,156,45,0,17,20,15700.0
1.8,65,100,1,15,5,21,15600.0
4.1,29,249,26,17,10,20,28400.0
1.8,45,102,48,8,0,14,63100.0
1.6,46,263,34,18,14,23,27000.0
3.1,22,81,34,5,17,26,10000.0
4.8,21,291,10,13,14,25,10000.0
5.3,17,183,25,24,15,8,38700.0
3.8,1,105,35,8,9,2,34900.0
9.1,69,88,39,10,6,11,69900.0
6.1,44,98,10,13,0,3,51900.0
4.4,49,146,27,8,14,0,34500.0
7.7,62,89,28,1,16,25,10000.0
2.2,1,237,34,5,19,3,10000.0
4.0,44,133,42,14,20,16,28200.0
4.3,62,88,50,8,8,2,71200.0
6.4,62,238,50,30,18,3,87400.0
3.5,16,255,14,23,10,15,25300.0
8.8,22,140,17,7,12,2,25700.0
3.1,84,196,40,22,19,2,64400.0
6.7,10,182,40,8,4,23,37400.0
3.0,81,105,32,28,2,12,88300.0
3.0,83,181,28,29,4,24,70400.0
6.4,10,214,31,26,9,6,61800.0
2.3,74,276,4,27,10,11,40300.0
7.7,54,103,20,25,3,10,73100.0
9.8,90,282,39,29,4,16,105100.0
5.9,58,196,41,18,3,1,90200.0
2.7,17,221,24,14,12,10,21500.0
1.5,85,110,34,12,13,15,39500.0
4.4,70,274,47,26,6,11,92800.0
7.8,24,129,8,13,19,20,10000.0
1.7,100,181,12,15,5,11,46900.0
6.4,0,116,50,26,14,20,53800.0
9.7,83,294,12,0,8,17,23300.0
7.7,35,144,22,22,10,22,38900.0
9.1,78,260,28,29,1,1,110100.0
3.4,45,91,1,20,9,13,20300.0
9.7,87,217,39,10,15,0,69500.0
9.6,56,294,27,10,4,1,69000.0
4.5,69,231,47,24,18,10,66700.0
4.7,67,270,1,30,11,27,26500.0
7.5,81,145,31,7,4,6,66800.0
5.1,71,150,21,16,17,8,34500.0
6.8,26,191,6,25,11,13,29900.0
6.6,68,84,2,25,17,18,21100.0
1.9,41,102,15,29,19,19,17600.0
5.4,34,291,18,28,3,10,65000.0
4.8,45,237,36,22,16,5,55100.0
4.7,24,235,27,13,17,8,21100.0
7.2,19,270,2,3,13,3,10000.0
9.0,26,283,12,14,17,20,10000.0
3.8,11,228,9,26,8,23,19900.0
3.7,20,167,2,24,10,11,20400.0
1.8,15,286,14,13,7,12,15600.0
9.4,76,179,9,27,16,8,51100.0
4.9,82,265,31,12,7,3,66400.0
9.4,50,166,41,10,7,7,68800.0
3.7,99,121,46,25,3,14,100600.0
3.0,53,144,19,13,8,14,30400.0
4.9,47,237,44,13,3,12,69400.0
1.8,22,146,23,12,2,22,25200.0
2.2,84,104,8,19,6,22,32100.0
6.1,74,174,33,7,3,5,66900.0
4.7,46,283,34,15,14,26,25700.0
7.1,1,169,4,11,8,23,10000.0
2.6,75,207,30,1,8,10,33200.0
3.0,58,288,22,22,9,4,56400.0
1.2,24,97,3,28,9,9,27600.0
4.7,27,149,38,7,12,14,28000.0
6.3,7,227,27,2,11,25,10000.0
6.6,33,154,16,25,10,19,37600.0
7.4,46,194,25,5,7,22,25100.0
1.2,7,162,44,0,15,19,10000.0
6.7,74,109,3,28,14,27,25600.0
2.6,93,203,30,15,15,9,46600.0
2.0,97,95,29,28,18,15,53100.0
1.3,92,99,25,25,6,4,76700.0
9.8,14,123,38,27,11,28,52300.0
7.6,87,207,46,13,8,18,72800.0
8.7,69,290,4,19,17,14,22600.0
7.4,35,142,44,6,4,5,65300.0
8.0,30,204,30,11,11,15,34500.0
6.2,86,181,22,22,7,13,66200.0
5.8,73,177,6,15,13,6,30000.0
6.4,67,229,43,28,1,21,94900.0
7.3,61,236,13,29,15,28,31400.0
3.8,71,81,18,2,12,10,15900.0
7.3,78,161,35,15,0,18,77500.0
6.7,20,202,33,14,18,7,30400.0
5.1,91,221,3,9,0,14,40000.0
5.4,62,199,39,25,6,28,65900.0
1.2,47,131,46,22,10,5,70500.0
8.1,53,221,49,14,20,25,37100.0
4.3,11,287,50,4,12,7,36900.0
8.1,96,235,46,12,6,26,71000.0
6.4,52,166,46,2,17,24,19400.0
7.9,10,175,23,0,0,18,23800.0
2.6,45,92,5,30,10,26,22700.0
3.0,47,299,7,10,11,14,10000.0
9.9,71,225,23,9,17,7,36600.0
7.0,71,118,39,6,6,15,56300.0
1.4,92,237,35,28,13,23,58400.0
3.6,19,118,50,26,4,14,79900.0
5.8,93,252,21,1,0,7,55000.0
4.3,88,80,18,0,9,2,33000.0
3.2,14,193,4,10,6,1,16600.0
9.1,90,222,1,12,9,25,21200.0
4.7,58,212,47,10,2,20,64800.0
5.1,37,297,4,1,17,5,10000.0
5.3,38,221,13,28,4,3,66000.0
2.9,20,251,44,19,14,19,37300.0
5.1,79,138,34,5,1,19,54400.0
2.4,82,188,40,11,16,28,25900.0
1.3,15,229,16,17,19,9,10000.0
4.5,79,88,45,17,4,7,88200.0
7.6,34,152,48,13,10,21,51900.0
1.3,9,196,32,8,2,16,29300.0
8.3,9,223,9,28,6,16,42300.0
6.6,57,215,26,5,3,27,30800.0
2.2,86,157,39,29,13,16,70700.0
1.8,81,101,42,4,9,3,54900.0
7.8,40,94,15,30,15,16,41600.0
3.6,49,249,8,4,10,1,14900.0
4.2,51,157,2,27,0,21,45200.0
4.1,41,178,42,13,18,23,23000.0
3.9,44,230,19,8,17,4,14000.0
4.6,73,86,31,21,9,11,64600.0
4.3,82,153,13,27,7,28,44700.0
7.9,51,286,2,16,8,22,19100.0
5.9,2,124,33,18,14,0,44400.0
6.7,55,191,18,20,4,4,65900.0
4.9,52,155,50,24,4,11,92400.0
9.2,87,173,30,11,6,6,73000.0
8.9,22,242,3,11,13,7,10900.0
2.3,48,289,27,30,8,27,48000.0
7.0,16,129,25,1,7,13,18300.0
2.5,85,280,25,0,7,18,23500.0
9.2,5,198,42,7,5,23,39400.0
1.6,33,222,26,29,5,0,72600.0
5.9,54,160,33,30,10,22,64000.0
8.5,22,244,30,5,19,10,13100.0
8.5,83,293,36,10,2,15,73900.0
8.1,99,282,20,4,12,7,40900.0
2.8,35,192,0,10,3,16,10000.0
3.1,55,239,16,28,2,21,55700.0
8.7,20,136,25,7,1,9,47900.0
9.2,17,285,29,13,12,18,30000.0
6.7,83,158,5,4,20,10,10000.0
6.7,92,130,19,26,2,24,71000.0
3.4,28,104,38,16,10,2,55200.0
7.4,2,266,44,11,17,14,27900.0
8.7,82,88,11,28,10,0,75000.0
1.3,81,206,5,20,11,8,31900.0
3.9,88,121,18,7,20,20,10000.0
3.6,94,158,26,29,4,10,86900.0
5.5,40,172,48,13,3,11,73500.0
9.5,94,127,18,26,10,10,74200.0
6.9,95,98,20,7,14,21,23800.0
4.3,39,222,2,8,5,12,12300.0
7.5,47,240,49,18,18,6,63100.0
5.7,51,282,2,23,4,18,37200.0
1.4,46,197,14,11,20,18,10000.0
9.3,69,285,42,9,3,3,85800.0
6.1,52,165,44,28,12,25,64800.0
8.8,15,166,44,4,5,18,44100.0
7.7,20,86,23,27,4,0,76900.0
7.9,73,100,30,18,16,8,54700.0
8.2,38,104,4,2,13,11,10000.0
6.6,10,151,16,9,11,16,10000.0
6.5,37,234,5,2,7,2,16100.0
3.9,70,198,49,13,2,0,93300.0
4.7,34,271,19,24,15,20,24600.0
9.3,52,87,29,11,10,9,50700.0
2.0,59,91,10,0,5,3,18700.0
3.2,70,183,10,26,9,18,40400.0
